feature_id,rt,mz_measured,mz_calculated,mz_error(ppm),mol_formula,smiles,adduct,primary_annotated_name,structure_annotated_name,rt_score,mz_score,spec_score,total_score,fragments_ion_detection_level,fragments_spectrum_detection_level,datafile:NEG_NIST_2.mzML:area,datafile:NEG_NIST_0.mzML:area,datafile:NEG_NIST_1.mzML:area,datafile:NEG_NIST_3.mzML:area
507,2.511,407.21996,407.22041,1.1050526666890974,C19H37O7P,CCCCCCCCCC=CCCCCC(=O)OCC(O)COP(=O)(O)O,[M-H]-,LPA 16:1,LPA 16:1(6),0.4980000000000002,0.6898600000000101,0.0,0.11878600000000104,Some,None,0.0,0.0,0.0,0.0
507,2.511,407.21996,407.22041,1.1050526666890974,C19H37O7P,CCCCCCC=CCCCCCCCC(=O)OCC(O)COP(=O)(O)O,[M-H]-,LPA 16:1,LPA 16:1(9),0.2450000000000001,0.9270150000000115,0.0,0.11720150000000117,All,None,0.0,0.0,0.0,0.0
507,2.511,407.21996,407.22041,1.1050526666890974,C19H37O7P,CCCCCCCCC=CCCCCCC(=O)OCC(O)COP(=O)(O)O,[M-H]-,LPA 16:1,LPA 16:1(7),0.7360000000000007,0.10935999999998103,0.0,0.08453599999999817,Some,None,0.0,0.0,0.0,13000.0
533,2.571,524.27818,524.27826,0.15259072543918395,C27H44NO7P,CCC=CCC=CCC=CCC=CCC=CCC=CCCC(=O)OCC(O)COP(=O)(O)OCCN,[M-H]-,LPE 22:6,"LPE 22:6(4,7,10,13,16,19)",0.6991111111111111,0.8537588888889331,0.08364093193392982,0.2221997455471483,Some,Some,165000.0,120000.0,167000.0,182000.0
595,2.716,500.27814,500.27826,0.23986650945265184,C25H44NO7P,CCCCCC=CCC=CCC=CCC=CCCCC(=O)OCC(O)COP(=O)(O)OCCN,[M-H]-,LPE 20:4,"LPE 20:4(5,8,11,14)",0.8880000000000001,0.7937714285714362,0.2245835232749942,0.34784396147713903,All,Some,345274.85956080834,263212.1771217712,352254.67160430766,348207.05077611154
595,2.716,500.27814,500.27826,0.23986650945265184,C25H44NO7P,CCC=CCC=CCC=CCC=CCCCCCCC(=O)OCC(O)COP(=O)(O)OCCN,[M-H]-,LPE 20:4,"LPE 20:4(8,11,14,17)",0.534857142857143,0.9052771428571467,0.11233072854047599,0.23387801140380976,All,Some,109725.14043919166,67787.82287822878,96745.32839569234,111792.94922388844
648,2.762,538.31525,538.31504,0.3901061356900509,C24H48NO7P,CCCCCCCCC=CCCCCCC(=O)OCC(O)COP(=O)([O-])OCC[N+](C)(C)C,[M+HCOO]-,LPC 16:1,LPC 16:1(7),0.8730000000000002,0.9198300000000188,0.0,0.1792830000000019,All,None,8498.092383158468,,0.0,0.0
648,2.762,538.31525,538.31504,0.3901061356900509,C24H48NO7P,CCCCCCC=CCCCCCCCC(=O)OCC(O)COP(=O)([O-])OCC[N+](C)(C)C,[M+HCOO]-,LPC 16:1,LPC 16:1(9),0.8120000000000003,0.9277250000000095,0.0,0.17397250000000097,All,None,27455.375391742746,,0.0,0.0
648,2.762,538.31525,538.31504,0.3901061356900509,C24H48NO7P,CCCCCCCCCC=CCCCCC(=O)OCC(O)COP(=O)([O-])OCC[N+](C)(C)C,[M+HCOO]-,LPC 16:1,LPC 16:1(6),0.601,0.881764999999973,0.0,0.1482764999999973,All,None,14546.532225098787,,0.0,0.0
691,2.815,457.15919,457.23606,168.11884871894253,C23H39O7P,CCC=CCC=CCC=CCC=CCCCCCCC(=O)OCC(O)COP(=O)(O)O,[M-H]-,LPA 20:4,"LPA 20:4(8,11,14,17)",0.7439999999999998,0.8404983333333765,0.0,0.15844983333333765,Some,None,0.0,,0.0,70308.10574339103
691,2.815,457.15919,457.23606,168.11884871894253,C23H39O7P,CCCCCC=CCC=CCC=CCC=CCCCC(=O)OCC(O)COP(=O)(O)O,[M-H]-,LPA 20:4,"LPA 20:4(5,8,11,14)",0.48599999999999993,0.6217666666667014,0.011283986918197037,0.11980385620122778,Some,Some,0.0,,0.0,29691.894256608964
706,2.826,588.33043,588.33069,0.44192833120040725,C28H50NO7P,CCCCCC=CCC=CCC=CCC=CCCCC(=O)OCC(O)COP(=O)([O-])OCC[N+](C)(C)C,[M+HCOO]-,LPC 20:4,"LPC 20:4(5,8,11,14)",0.8797142857142858,0.8993100000000059,0.0,0.17790242857142918,Some,Some,52846.86276985229,0.0,15985.813308687613,34116.087726467784
706,2.826,588.33043,588.33069,0.44192833120040725,C28H50NO7P,CCC=CCC=CCC=CCC=CCCCCCCC(=O)OCC(O)COP(=O)([O-])OCC[N+](C)(C)C,[M+HCOO]-,LPC 20:4,"LPC 20:4(8,11,14,17)",0.9290000000000002,0.8208625000000112,0.0,0.17498625000000115,All,None,52153.13723014771,0.0,18214.186691312385,29483.912273532216
717,2.831,476.27809,476.27826,0.35693420054212677,C23H44NO7P,CCCCCC=CCC=CCCCCCCCC(=O)OCC(O)COP(=O)(O)OCCN,[M-H]-,LPE 18:2,"LPE 18:2(9,12)",0.9409999999999998,0.9750450000000228,0.0,0.1916045000000023,All,None,360890.3820310999,,550319.2771084338,331005.6925996205
717,2.831,476.27809,476.27826,0.35693420054212677,C23H44NO7P,CCCCCCCCC=CCC=CCCCCC(=O)OCC(O)COP(=O)(O)OCCN,[M-H]-,LPE 18:2,"LPE 18:2(6,9)",0.8609999999999998,0.510202499999977,0.0,0.1371202499999977,All,None,497109.6179689,,272680.7228915663,558994.3074003794
718,2.831,520.23146,520.26809,70.4060093327254,C24H44NO9P,CCCCCC=CCC=CCCCCCCCC(=O)OCC(O)COP(=O)(O)OCC(N)C(=O)O,[M-H]-,LPS 18:2,"LPS 18:2(9,12)",0.8509999999999998,0.8694974999999658,0.0,0.1720497499999966,All,None,38496.21020717534,99500.0,76066.68444918646,60720.7458563536
718,2.831,520.23146,520.26809,70.4060093327254,C24H44NO9P,CCCCCCCCC=CCC=CCCCCC(=O)OCC(O)COP(=O)(O)OCC(N)C(=O)O,[M-H]-,LPS 18:2,"LPS 18:2(6,9)",0.8815,0.805877499999994,0.0,0.1687377499999994,All,None,68503.78979282465,0.0,31933.315550813553,19079.25414364641
729,2.836,457.23591,457.23606,0.3280581151433908,C23H39O7P,CCC=CCC=CCC=CCC=CCCCCCCC(=O)OCC(O)COP(=O)(O)O,[M-H]-,LPA 20:4,"LPA 20:4(8,11,14,17)",0.7766666666666664,0.9135216666666585,0.0,0.16901883333333248,Some,None,51079.006554427455,,60597.66536964981,80151.24054746579
729,2.836,457.23591,457.23606,0.3280581151433908,C23H39O7P,CCCCCC=CCC=CCC=CCC=CCCCC(=O)OCC(O)COP(=O)(O)O,[M-H]-,LPA 20:4,"LPA 20:4(5,8,11,14)",0.49999999999999983,0.672913333333355,0.04123254773534585,0.15027737152161216,Some,Some,33420.993445572545,,21802.334630350193,33848.75945253422
773,2.862,457.15891,457.23606,168.73122386720192,C23H39O7P,CCC=CCC=CCC=CCC=CCCCCCCC(=O)OCC(O)COP(=O)(O)O,[M-H]-,LPA 20:4,"LPA 20:4(8,11,14,17)",0.8146666666666668,0.8402116666666662,0.0,0.1654878333333333,Some,None,94217.37914055506,0.0,100000.0,51808.66062437059
773,2.862,457.15891,457.23606,168.73122386720192,C23H39O7P,CCCCCC=CCC=CCC=CCC=CCCCC(=O)OCC(O)COP(=O)(O)O,[M-H]-,LPA 20:4,"LPA 20:4(5,8,11,14)",0.6212,0.6134980000000155,0.0,0.12346980000000156,Some,None,84782.62085944494,0.0,100000.0,36891.3393756294
975,2.973,433.23586,433.23606,0.4616420895496079,C21H39O7P,CCCCCC=CCC=CCCCCCCCC(=O)OCC(O)COP(=O)(O)O,[M-H]-,LPA 18:2,"LPA 18:2(9,12)",0.9449999999999996,0.9159224999999935,0.0,0.18609224999999932,All,None,11581.333862119109,0.0,17459.793396799676,0.0
975,2.973,433.23586,433.23606,0.4616420895496079,C21H39O7P,CCCCCCCCC=CCC=CCCCCC(=O)OCC(O)COP(=O)(O)O,[M-H]-,LPA 18:2,"LPA 18:2(6,9)",0.4800000000000004,0.3886100000000283,0.0,0.08686100000000288,Some,None,574418.6661378809,126000.0,469540.2066032003,596000.0
1026,2.987,457.23593,457.23606,0.28431703311598405,C23H39O7P,CCC=CCC=CCC=CCC=CCCCCCCC(=O)OCC(O)COP(=O)(O)O,[M-H]-,LPA 20:4,"LPA 20:4(8,11,14,17)",0.963,0.9135433333333461,0.0,0.18765433333333462,Some,None,9108.066256862654,0.0,0.0,0.0
1026,2.987,457.23593,457.23606,0.28431703311598405,C23H39O7P,CCCCCC=CCC=CCC=CCC=CCCCC(=O)OCC(O)COP(=O)(O)O,[M-H]-,LPA 20:4,"LPA 20:4(5,8,11,14)",0.9185000000000001,0.6388375000000082,0.0,0.15573375000000084,Some,None,3091.9337431373474,0.0,0.0,0.0
1048,2.992,500.27811,500.27826,0.2998331367874089,C25H44NO7P,CCCCCC=CCC=CCC=CCC=CCCCC(=O)OCC(O)COP(=O)(O)OCCN,[M-H]-,LPE 20:4,"LPE 20:4(5,8,11,14)",0.64975,0.8073125000000374,0.24362088256621917,0.34060295605297913,All,Some,0.0,1940.2724014336918,0.0,0.0
1048,2.992,500.27811,500.27826,0.2998331367874089,C25H44NO7P,CCC=CCC=CCC=CCC=CCCCCCCC(=O)OCC(O)COP(=O)(O)OCCN,[M-H]-,LPE 20:4,"LPE 20:4(8,11,14,17)",0.81675,0.9144537500000354,0.12137378396259198,0.2702194021700771,All,Some,0.0,7479.727598566308,0.0,0.0
1067,2.995,564.33063,564.33069,0.10632063969833254,C26H50NO7P,CCCCCC=CCC=CCCCCCCCC(=O)OCC(O)COP(=O)([O-])OCC[N+](C)(C)C,[M+HCOO]-,LPC 18:2,"LPC 18:2(9,12)",0.9360000000000002,0.9310625000000528,0.0,0.1867062500000053,All,None,126116.70908429856,0.0,102908.037653874,113484.9149753154
1067,2.995,564.33063,564.33069,0.10632063969833254,C26H50NO7P,CCCCCCCCC=CCC=CCCCCC(=O)OCC(O)COP(=O)([O-])OCC[N+](C)(C)C,[M+HCOO]-,LPC 18:2,"LPC 18:2(6,9)",0.8779999999999999,0.8728450000000691,0.0,0.17508450000000692,All,None,428883.2909157015,0.0,248091.96234612603,429515.08502468455
1319,3.188,457.23591,457.23606,0.3280581151433908,C23H39O7P,CCC=CCC=CCC=CCC=CCCCCCCC(=O)OCC(O)COP(=O)(O)O,[M-H]-,LPA 20:4,"LPA 20:4(8,11,14,17)",0.7456666666666666,0.8890483333333444,0.0,0.16347150000000113,Some,None,0.0,0.0,0.0,2639.3402853211674
1319,3.188,457.23591,457.23606,0.3280581151433908,C23H39O7P,CCCCCC=CCC=CCC=CCC=CCCCC(=O)OCC(O)COP(=O)(O)O,[M-H]-,LPA 20:4,"LPA 20:4(5,8,11,14)",0.4554285714285714,0.7410928571428842,0.0,0.11965214285714557,Some,None,0.0,0.0,0.0,1310.6597146788326
1328,3.216,459.17467,459.25171,167.7511445738784,C23H41O7P,CCCCCC=CCC=CCC=CCCCCCCC(=O)OCC(O)COP(=O)(O)O,[M-H]-,LPA 20:3,"LPA 20:3(8,11,14)",0.4363333333333334,0.8201433333333341,0.0,0.12564766666666674,All,None,0.0,0.0,5442.319749216301,0.0
1328,3.216,459.17467,459.25171,167.7511445738784,C23H41O7P,CCCCCCCCC=CCC=CCC=CCCCC(=O)OCC(O)COP(=O)(O)O,[M-H]-,LPA 20:3,"LPA 20:3(5,8,11)",0.48599999999999993,0.7441916666667225,0.0,0.12301916666667224,All,None,0.0,0.0,5205.329153605016,0.0
1328,3.216,459.17467,459.25171,167.7511445738784,C23H41O7P,CCC=CCC=CCC=CCCCCCCCCCC(=O)OCC(O)COP(=O)(O)O,[M-H]-,LPA 20:3,"LPA 20:3(11,14,17)",0.3479999999999997,0.875144999999994,0.0,0.12231449999999937,All,None,0.0,0.0,16352.351097178684,0.0
1345,3.263,564.33067,564.33069,0.03544021316562609,C26H50NO7P,CCCCCC=CCC=CCCCCCCCC(=O)OCC(O)COP(=O)([O-])OCC[N+](C)(C)C,[M+HCOO]-,LPC 18:2,"LPC 18:2(9,12)",0.7515000000000001,0.8854875000000675,0.0,0.16369875000000678,All,Some,0.0,0.0,0.0,
1345,3.263,564.33067,564.33069,0.03544021316562609,C26H50NO7P,CCCCCCCCC=CCC=CCCCCC(=O)OCC(O)COP(=O)([O-])OCC[N+](C)(C)C,[M+HCOO]-,LPC 18:2,"LPC 18:2(6,9)",0.4146666666666666,0.8673433333334325,0.0,0.12820100000000992,All,None,0.0,0.0,0.0,
1362,3.285,433.23597,433.23606,0.20773894029076323,C21H39O7P,CCCCCC=CCC=CCCCCCCCC(=O)OCC(O)COP(=O)(O)O,[M-H]-,LPA 18:2,"LPA 18:2(9,12)",0.6314999999999995,0.9161075000000096,0.0,0.15476075000000092,All,None,0.0,0.0,0.0,0.0
1362,3.285,433.23597,433.23606,0.20773894029076323,C21H39O7P,CCCCCCCCC=CCC=CCCCCC(=O)OCC(O)COP(=O)(O)O,[M-H]-,LPA 18:2,"LPA 18:2(6,9)",0.22866666666666724,0.86913000000006,0.0,0.10977966666667273,Some,None,0.0,8370.0,0.0,0.0
1377,3.318,459.17477,459.25171,167.5333990590457,C23H41O7P,CCCCCCCCC=CCC=CCC=CCCCC(=O)OCC(O)COP(=O)(O)O,[M-H]-,LPA 20:3,"LPA 20:3(5,8,11)",0.5296666666666665,0.7442066666667415,0.0,0.12738733333334082,All,None,57842.02289761964,67190.37682582546,47372.985613339435,32954.4214084966
1377,3.318,459.17477,459.25171,167.5333990590457,C23H41O7P,CCCCCC=CCC=CCC=CCCCCCCC(=O)OCC(O)COP(=O)(O)O,[M-H]-,LPA 20:3,"LPA 20:3(8,11,14)",0.36833333333333346,0.8202433333333753,0.0,0.1188576666666709,All,None,9458.858413639733,5066.404811587087,7915.926999135783,5664.404708565842
1377,3.318,459.17477,459.25171,167.5333990590457,C23H41O7P,CCC=CCC=CCC=CCCCCCCCCCC(=O)OCC(O)COP(=O)(O)O,[M-H]-,LPA 20:3,"LPA 20:3(11,14,17)",0.2623333333333335,0.7335800000000271,0.0,0.09959133333333607,All,None,32699.11868874063,63743.21836258745,26911.08738752478,22581.173882937557
1466,3.438,435.25161,435.25171,0.22975211280593924,C21H41O7P,CCCCCCCCCCCC=CCCCCC(=O)OCC(O)COP(=O)(O)O,[M-H]-,LPA 18:1,LPA 18:1(6),0.5500000000000007,0.8447100000000773,0.0,0.1394710000000078,Some,None,56617.86476868327,0.0,0.0,0.0
1466,3.438,435.25161,435.25171,0.22975211280593924,C21H41O7P,CCCCCCC=CCCCCCCCCCC(=O)OCC(O)COP(=O)(O)O,[M-H]-,LPA 18:1,LPA 18:1(11),0.4730000000000003,0.8962550000000533,0.0,0.13692550000000536,All,None,7482.135231316725,0.0,0.0,0.0
1466,3.438,435.25161,435.25171,0.22975211280593924,C21H41O7P,CCCCCCCCC=CCCCCCCCC(=O)OCC(O)COP(=O)(O)O,[M-H]-,LPA 18:1,LPA 18:1(9),0.24799999999999978,0.904620000000051,0.0,0.11526200000000508,All,None,0.0,0.0,0.0,0.0
1487,3.509,433.23592,433.23606,0.32314946264536354,C21H39O7P,CCCCCCCCC=CCC=CCCCCC(=O)OCC(O)COP(=O)(O)O,[M-H]-,LPA 18:2,"LPA 18:2(6,9)",0.6766666666666667,0.8690800000000726,0.0,0.15457466666667394,Some,None,2910.862262038074,,0.0,5689.902830587242
1487,3.509,433.23592,433.23606,0.32314946264536354,C21H39O7P,CCCCCC=CCC=CCCCCCCCC(=O)OCC(O)COP(=O)(O)O,[M-H]-,LPA 18:2,"LPA 18:2(9,12)",0.4474999999999998,0.9190450000000254,0.0,0.13665450000000254,All,None,3429.137737961926,,0.0,9110.097169412758
1595,3.663,435.25135,435.25171,0.8271076063103395,C21H41O7P,CCCCCCC=CCCCCCCCCCC(=O)OCC(O)COP(=O)(O)O,[M-H]-,LPA 18:1,LPA 18:1(11),0.9229999999999996,0.8959950000000276,0.0,0.1818995000000027,All,None,1182539.256475641,,0.0,0.0
1595,3.663,435.25135,435.25171,0.8271076063103395,C21H41O7P,CCCCCCCCC=CCCCCCCCC(=O)OCC(O)COP(=O)(O)O,[M-H]-,LPA 18:1,LPA 18:1(9),0.6209999999999996,0.9043150000000253,0.0,0.15253150000000248,All,None,156274.32559388003,,0.0,0.0
1595,3.663,435.25135,435.25171,0.8271076063103395,C21H41O7P,CCCCCCCCCCCC=CCCCCC(=O)OCC(O)COP(=O)(O)O,[M-H]-,LPA 18:1,LPA 18:1(6),0.5340000000000003,0.7557000000000187,0.0,0.12897000000000192,All,None,81186.41793047913,,0.0,0.0
1688,3.688,538.31519,538.35143,67.31662252670286,C24H50NO6P,CCCCCCC=CCCCCCCCCOCC(O)COP(=O)([O-])OCC[N+](C)(C)C,[M+CH3COO]-,LPC O-16:1,LPC O-16:1(9),0.8620000000000001,0.9094550000000368,0.24503444331225627,0.37317305464980877,All,Some,7042.219541616405,0.0,3917.329093799682,7716.601621134794
1688,3.688,538.31519,538.35143,67.31662252670286,C24H50NO6P,CCCCCCCCCC=CCCCCCOCC(O)COP(=O)([O-])OCC[N+](C)(C)C,[M+CH3COO]-,LPC O-16:1,LPC O-16:1(6),0.9540000000000006,0.8205899999999815,0.0,0.17745899999999823,All,None,0.0,244.6590852383936,0.0,0.0
1688,3.688,538.31519,538.35143,67.31662252670286,C24H50NO6P,CCCCCCCCC=CCCCCCCOCC(O)COP(=O)([O-])OCC[N+](C)(C)C,[M+CH3COO]-,LPC O-16:1,LPC O-16:1(7),0.7600000000000007,0.08540999999996757,0.0,0.08454099999999683,Some,None,538957.7804583836,124755.3409147616,412082.6709062003,451283.3983788652
1839,3.702,435.22147,435.25171,69.47703892993793,C21H41O7P,CCCCCCC=CCCCCCCCCCC(=O)OCC(O)COP(=O)(O)O,[M-H]-,LPA 18:1,LPA 18:1(11),0.9910000000000001,0.8661150000000362,0.0,0.18571150000000364,All,None,2390189.125295508,,2116951.7487873374,2082416.192283365
1839,3.702,435.22147,435.25171,69.47703892993793,C21H41O7P,CCCCCCCCC=CCCCCCCCC(=O)OCC(O)COP(=O)(O)O,[M-H]-,LPA 18:1,LPA 18:1(9),0.6989999999999998,0.8744350000000622,0.0,0.15734350000000621,All,None,215714.087053261,,796757.7227470003,586093.1899641578
1839,3.702,435.22147,435.25171,69.47703892993793,C21H41O7P,CCCCCCCCCCCC=CCCCCC(=O)OCC(O)COP(=O)(O)O,[M-H]-,LPA 18:1,LPA 18:1(6),0.5640000000000005,0.7257900000000461,0.0,0.12897900000000467,All,None,164096.78765123073,,116290.5284656625,251490.61775247732
1971,3.716,435.2514,435.25171,0.7122315499073699,C21H41O7P,CCCCCCC=CCCCCCCCCCC(=O)OCC(O)COP(=O)(O)O,[M-H]-,LPA 18:1,LPA 18:1(11),0.9709999999999996,0.8960450000000151,0.0,0.1867045000000015,All,None,0.0,,1166768.785635265,1126786.843769766
1971,3.716,435.2514,435.25171,0.7122315499073699,C21H41O7P,CCCCCCCCC=CCCCCCCCC(=O)OCC(O)COP(=O)(O)O,[M-H]-,LPA 18:1,LPA 18:1(9),0.7270000000000003,0.9043650000000127,0.0,0.1631365000000013,All,None,0.0,,439137.0947153434,317132.6164874552
1971,3.716,435.2514,435.25171,0.7122315499073699,C21H41O7P,CCCCCCCCCCCC=CCCCCC(=O)OCC(O)COP(=O)(O)O,[M-H]-,LPA 18:1,LPA 18:1(6),0.5820000000000003,0.7557199999999966,0.0,0.1337719999999997,All,None,0.0,,64094.11964939154,136080.53974277884
2106,3.758,478.29382,478.29391,0.18816881862481905,C23H46NO7P,CCCCCCCCC=CCCCCCCCC(=O)OCC(O)COP(=O)(O)OCCN,[M-H]-,LPE 18:1,LPE 18:1(9),0.9390000000000001,0.9111599999999953,0.0,0.18501599999999957,All,None,37718.36007130126,0.0,0.0,24923.56687898089
2106,3.758,478.29382,478.29391,0.18816881862481905,C23H46NO7P,CCCCCCC=CCCCCCCCCCC(=O)OCC(O)COP(=O)(O)OCCN,[M-H]-,LPE 18:1,LPE 18:1(11),0.8420000000000001,0.9273399999999867,0.0,0.1769339999999987,All,None,491281.6399286988,331000.0,442000.0,577076.4331210192
2141,3.783,566.34664,566.34634,0.529711200967051,C26H52NO7P,CCCCCCC=CCCCCCCCCCC(=O)OCC(O)COP(=O)([O-])OCC[N+](C)(C)C,[M+HCOO]-,LPC 18:1,LPC 18:1(11),0.8960000000000004,0.9585399999999709,0.0,0.18545399999999715,All,None,0.0,0.0,0.0,0.0
2141,3.783,566.34664,566.34634,0.529711200967051,C26H52NO7P,CCCCCCCCC=CCCCCCCCC(=O)OCC(O)COP(=O)([O-])OCC[N+](C)(C)C,[M+HCOO]-,LPC 18:1,LPC 18:1(9),0.8879999999999999,0.8869049999999845,0.00490391781645126,0.18141363425315946,All,Some,0.0,0.0,1637.822607911642,0.0
2141,3.783,566.34664,566.34634,0.529711200967051,C26H52NO7P,CCCCCCCCCCCC=CCCCCC(=O)OCC(O)COP(=O)([O-])OCC[N+](C)(C)C,[M+HCOO]-,LPC 18:1,LPC 18:1(6),0.8410000000000002,0.795819999999992,0.0,0.16368199999999924,All,None,0.0,0.0,17162.177392088357,0.0
2316,3.917,566.34623,566.34634,0.1942274405151752,C26H52NO7P,CCCCCCCCC=CCCCCCCCC(=O)OCC(O)COP(=O)([O-])OCC[N+](C)(C)C,[M+HCOO]-,LPC 18:1,LPC 18:1(9),0.9979999999999998,0.9044350000000065,0.0,0.19024350000000065,All,None,13407.217369179883,0.0,0.0,0.0
2316,3.917,566.34623,566.34634,0.1942274405151752,C26H52NO7P,CCCCCCC=CCCCCCCCCCC(=O)OCC(O)COP(=O)([O-])OCC[N+](C)(C)C,[M+HCOO]-,LPC 18:1,LPC 18:1(11),0.7810000000000001,0.9204450000000008,0.0,0.1701445000000001,All,None,188961.70808243574,0.0,165414.1739530603,234340.27055150885
2316,3.917,566.34623,566.34634,0.1942274405151752,C26H52NO7P,CCCCCCCCCCCC=CCCCCC(=O)OCC(O)COP(=O)([O-])OCC[N+](C)(C)C,[M+HCOO]-,LPC 18:1,LPC 18:1(6),0.5730000000000004,0.795410000000004,0.0,0.13684100000000043,All,None,14631.074548384362,0.0,20585.826046939717,42659.729448491154
2690,4.264,478.294,478.29391,0.18816881862481905,C23H46NO7P,CCCCCCC=CCCCCCCCCCC(=O)OCC(O)COP(=O)(O)OCCN,[M-H]-,LPE 18:1,LPE 18:1(11),0.5999999999999996,0.9278099999999938,0.0,0.15278099999999936,All,None,0.0,0.0,0.0,0.0
2690,4.264,478.294,478.29391,0.18816881862481905,C23H46NO7P,CCCCCCCCC=CCCCCCCCC(=O)OCC(O)COP(=O)(O)OCCN,[M-H]-,LPE 18:1,LPE 18:1(9),0.3359999999999994,0.9029499999999757,0.0,0.12389499999999751,All,None,20700.0,12300.0,0.0,0.0
2690,4.264,478.294,478.29391,0.18816881862481905,C23H46NO7P,CCCCCCCCCCCC=CCCCCC(=O)OCC(O)COP(=O)(O)OCCN,[M-H]-,LPE 18:1,LPE 18:1(6),0.6229999999999993,0.48237499999999045,0.0,0.11053749999999898,All,None,0.0,0.0,0.0,0.0
3253,5.635,463.2831,463.28301,0.19426570380844643,C23H45O7P,CCCCCCC=CCCCCCCCCCCCC(=O)OCC(O)COP(=O)(O)O,[M-H]-,LPA 20:1,LPA 20:1(13),0.0860000000000003,0.9243099999999913,0.0,0.10103099999999916,All,None,,,391000.0,
3267,5.653,495.27314,495.30923,72.86357252014365,C24H49O8P,CCCCCCCCCCCC=CCCCCCOCC(O)COP(=O)(O)OCC(O)CO,[M-H]-,LPG O-18:1,LPG O-18:1(6),0.16600000000000037,0.8047000000000253,0.0,0.09707000000000257,Some,None,0.0,,1622.7818674932198,1234.2035928143712
3267,5.653,495.27314,495.30923,72.86357252014365,C24H49O8P,CCCCCCCCC=CCCCCCCCCOCC(O)COP(=O)(O)OCC(O)CO,[M-H]-,LPG O-18:1,LPG O-18:1(9),0.3039999999999994,0.1423549999999807,0.0,0.04463549999999801,All,None,0.0,,1984.0371948857035,1731.1616766467066
3267,5.653,495.27314,495.30923,72.86357252014365,C24H49O8P,CCCCCCC=CCCCCCCCCCCOCC(O)COP(=O)(O)OCC(O)CO,[M-H]-,LPG O-18:1,LPG O-18:1(11),0.027999999999998693,0.11336999999997488,0.0,0.014136999999997357,Some,None,0.0,,3793.180937621077,1594.6347305389222
4233,10.224,807.50343,807.5029,0.6563443921082149,C41H77O13P,CCCCCCC=CCCCCCCCC(=O)OC(COC(=O)CCCCCCCCCCCCCCC)COP(=O)(O)OC1C(O)C(O)C(O)C(O)C1O,[M-H]-,PI 16:0_16:1,PI 16:0_16:1(9),0.6189999999999998,0.9273999999999774,0.0,0.15463999999999772,All,Some,0.0,18826.14742698192,0.0,0.0
4233,10.224,807.50343,807.5029,0.6563443921082149,C41H77O13P,CCCCCCCCC=CCCCCCC(=O)OC(COC(=O)CCCCCCCCCCCCCCC)COP(=O)(O)OC1C(O)C(O)C(O)C(O)C1O,[M-H]-,PI 16:0_16:1,PI 16:0_16:1(7),0.28200000000000003,0.9074100000000271,0.0,0.11894100000000273,Some,None,140000.0,125173.85257301807,139000.0,149000.0
4263,10.416,857.5188,857.51855,0.29153888280426316,C45H79O13P,CCCCCC=CCC=CCC=CCC=CCCCC(=O)OC(COC(=O)CCCCCCCCCCCCCCC)COP(=O)(O)OC1C(O)C(O)C(O)C(O)C1O,[M-H]-,PI 16:0_20:4,"PI 16:0_20:4(5,8,11,14)",0.9731428571428563,0.8802685714286521,0.02338736323641791,0.2040510334462852,Some,Some,573376.0744008367,527307.2703932781,504577.54533107765,562160.0340095888
4263,10.416,857.5188,857.51855,0.29153888280426316,C45H79O13P,CCC=CCC=CCC=CCC=CCCCCCCC(=O)OC(COC(=O)CCCCCCCCCCCCCCC)COP(=O)(O)OC1C(O)C(O)C(O)C(O)C1O,[M-H]-,PI 16:0_20:4,"PI 16:0_20:4(8,11,14,17)",0.730500000000001,0.5197699999999372,0.0,0.12502699999999384,Some,None,159623.92559916322,146692.7296067219,130422.45466892229,155839.96599041118
4285,10.526,883.53468,883.5342,0.543272688170967,C47H81O13P,CCCCCC=CCC=CCC=CCC=CCCCC(=O)OC(COC(=O)CCCCC=CCCCCCCCCCCC)COP(=O)(O)OC1C(O)C(O)C(O)C(O)C1O,[M-H]-,PI 18:1_20:4,"PI 18:1(6)_20:4(5,8,11,14)",0.8379999999999995,0.8708840000000009,0.0,0.17088840000000005,Some,None,68524.85021117768,72076.38783654089,59520.45223577236,56214.56100522675
4285,10.526,883.53468,883.5342,0.543272688170967,C47H81O13P,CCCCCC=CCC=CCC=CCC=CCCCC(=O)OC(COC(=O)CCCCCCCC=CCCCCCCCC)COP(=O)(O)OC1C(O)C(O)C(O)C(O)C1O,[M-H]-,PI 18:1_20:4,"PI 18:1(9)_20:4(5,8,11,14)",0.831428571428571,0.8754242857142864,0.0,0.17068528571428576,Some,Some,9690.182693252136,3851.303227761782,8873.221544715449,2852.8588775671824
4285,10.526,883.53468,883.5342,0.543272688170967,C47H81O13P,CCCCCC=CCC=CCC=CCC=CCCCC(=O)OC(COC(=O)CCCCCCCCCC=CCCCCCC)COP(=O)(O)OC1C(O)C(O)C(O)C(O)C1O,[M-H]-,PI 18:1_20:4,"PI 18:1(11)_20:4(5,8,11,14)",0.8462222222222222,0.7155944444444281,0.0,0.15618166666666503,Some,None,42598.49228955898,46785.81350709704,30322.662601626012,40385.40731745948
4285,10.526,883.53468,883.5342,0.543272688170967,C47H81O13P,CCC=CCC=CCC=CCC=CCCCCCCC(=O)OC(COC(=O)CCCCCCCC=CCCCCCCCC)COP(=O)(O)OC1C(O)C(O)C(O)C(O)C1O,[M-H]-,PI 18:1_20:4,"PI 18:1(9)_20:4(8,11,14,17)",0.5240000000000002,0.570515999999975,0.0,0.10945159999999754,Some,Some,5852.4211767017,3851.303227761782,0.0,2852.8588775671824
4285,10.526,883.53468,883.5342,0.543272688170967,C47H81O13P,CCC=CCC=CCC=CCC=CCCCCCCC(=O)OC(COC(=O)CCCCCCCCCC=CCCCCCC)COP(=O)(O)OC1C(O)C(O)C(O)C(O)C1O,[M-H]-,PI 18:1_20:4,"PI 18:1(11)_20:4(8,11,14,17)",0.659714285714286,0.43304714285713025,0.0,0.10927614285714163,Some,None,93817.08574796189,99885.52558468454,76358.61280487805,81613.43118103585
4285,10.526,883.53468,883.5342,0.543272688170967,C47H81O13P,CCC=CCC=CCC=CCC=CCCCCCCC(=O)OC(COC(=O)CCCCC=CCCCCCCCCCCC)COP(=O)(O)OC1C(O)C(O)C(O)C(O)C1O,[M-H]-,PI 18:1_20:4,"PI 18:1(6)_20:4(8,11,14,17)",0.5676000000000002,0.40647999999998774,0.0,0.0974079999999988,Some,None,48516.96788134761,50549.66661615396,44925.05081300813,44080.882741143556
4305,10.588,833.519,833.57019,61.41054540352457,C48H83O9P,CCCCCCCCC=CCC=CCCCCC(=O)OC(COCCCCCC=CCC=CCC=CCC=CCC=CCCCCC)COP(=O)(O)OCC(O)CO,[M-H]-,PG O-24:5_18:2,"PG O-24:5(6,9,12,15,18)_18:2(6,9)",0.8399999999999999,0.8900700000000142,0.0,0.1730070000000014,Some,Some,221231.96086424784,238658.59782093792,212230.44311279606,278947.4699640445
4305,10.588,833.519,833.57019,61.41054540352457,C48H83O9P,CCCCCC=CCC=CCCCCCCCC(=O)OC(COCCCCCC=CCC=CCC=CCC=CCC=CCCCCC)COP(=O)(O)OCC(O)CO,[M-H]-,PG O-24:5_18:2,"PG O-24:5(6,9,12,15,18)_18:2(9,12)",0.7907999999999994,0.897734000000014,0.0,0.16885340000000135,Some,Some,221231.96086424784,240457.5319753671,212230.44311279606,290857.84442690515
4305,10.588,833.519,833.57019,61.41054540352457,C48H83O9P,CCCCCC=CCC=CCCCCCCCC(=O)OC(COCCCCCCCCC=CCC=CCC=CCC=CCC=CCC)COP(=O)(O)OCC(O)CO,[M-H]-,PG O-24:5_18:2,"PG O-24:5(9,12,15,18,21)_18:2(9,12)",0.8147499999999996,0.8181250000000091,0.0,0.1632875000000009,Some,Some,106152.05870362821,91931.73851255329,99154.33533080593,123883.18863456984
4305,10.588,833.519,833.57019,61.41054540352457,C48H83O9P,CCCCCCCCC=CCC=CCCCCC(=O)OC(COCCCCCCCCC=CCC=CCC=CCC=CCC=CCC)COP(=O)(O)OCC(O)CO,[M-H]-,PG O-24:5_18:2,"PG O-24:5(9,12,15,18,21)_18:2(6,9)",0.8376000000000005,0.7449260000000095,0.0,0.15825260000000102,Some,Some,327384.01956787606,301952.13169114164,311384.778443602,396311.49697448034
4348,10.729,859.53427,859.5342,0.08143945864743232,C45H81O13P,CCCCCCCCC=CCC=CCCCCC(=O)OC(COC(=O)CCCCCCCC=CCCCCCCCC)COP(=O)(O)OC1C(O)C(O)C(O)C(O)C1O,[M-H]-,PI 18:1_18:2,"PI 18:1(9)_18:2(6,9)",0.5420000000000016,0.8694249999999784,0.046515241860309225,0.1783546934882454,Some,Some,46974.35897435897,48011.68458399686,56460.22086995718,73280.84059765421
4348,10.729,859.53427,859.5342,0.08143945864743232,C45H81O13P,CCCCCCCCC=CCC=CCCCCC(=O)OC(COC(=O)CCCCC=CCCCCCCCCCCC)COP(=O)(O)OC1C(O)C(O)C(O)C(O)C1O,[M-H]-,PI 18:1_18:2,"PI 18:1(6)_18:2(6,9)",0.6370000000000013,0.7357550000000117,0.04894107083570835,0.17642835666856801,Some,Some,21273.96449704142,23730.717290183304,23110.66035609646,48208.54317600014
4348,10.729,859.53427,859.5342,0.08143945864743232,C45H81O13P,CCCCCCCCC=CCC=CCCCCC(=O)OC(COC(=O)CCCCCCCCCC=CCCCCCC)COP(=O)(O)OC1C(O)C(O)C(O)C(O)C1O,[M-H]-,PI 18:1_18:2,"PI 18:1(11)_18:2(6,9)",0.5510000000000007,0.8942299999999932,0.03101016124020615,0.16933112899216432,All,Some,33807.98816568047,37029.2163003335,26940.274960558938,22395.234828584336
4348,10.729,859.53427,859.5342,0.08143945864743232,C45H81O13P,CCCCCC=CCC=CCCCCCCCC(=O)OC(COC(=O)CCCCC=CCCCCCCCCCCC)COP(=O)(O)OC1C(O)C(O)C(O)C(O)C1O,[M-H]-,PI 18:1_18:2,"PI 18:1(6)_18:2(9,12)",0.8935000000000004,0.5641524999999774,0.025683449905553744,0.16631200992444078,Some,Some,33401.47928994083,38896.98301524224,23110.66035609646,22594.408285508725
4348,10.729,859.53427,859.5342,0.08143945864743232,C45H81O13P,CCCCCC=CCC=CCCCCCCCC(=O)OC(COC(=O)CCCCCCCCCC=CCCCCCC)COP(=O)(O)OC1C(O)C(O)C(O)C(O)C1O,[M-H]-,PI 18:1_18:2,"PI 18:1(11)_18:2(9,12)",0.7199999999999995,0.761727999999971,0.01860609674412369,0.16305767739529603,Some,Some,46974.35897435897,47731.81604766768,53747.57719179626,44096.575033044996
4348,10.729,859.53427,859.5342,0.08143945864743232,C45H81O13P,CCCCCC=CCC=CCCCCCCCC(=O)OC(COC(=O)CCCCCCCC=CCCCCCCCC)COP(=O)(O)OC1C(O)C(O)C(O)C(O)C1O,[M-H]-,PI 18:1_18:2,"PI 18:1(9)_18:2(9,12)",0.8590000000000009,0.7066224999999804,0.0,0.15656224999999813,Some,Some,46567.850098619325,49599.582762576414,52630.6062654947,45424.39807920759
4389,10.838,883.53466,883.5342,0.520636326217457,C47H81O13P,CCCCCC=CCC=CCC=CCC=CCCCC(=O)OC(COC(=O)CCCCCCCC=CCCCCCCCC)COP(=O)(O)OC1C(O)C(O)C(O)C(O)C1O,[M-H]-,PI 18:1_20:4,"PI 18:1(9)_20:4(5,8,11,14)",0.83257142857143,0.8747300000000807,0.008245520082515199,0.17732655892316324,Some,Some,59926.74381569168,61102.62917366639,68586.68705439543,33369.319854745314
4389,10.838,883.53466,883.5342,0.520636326217457,C47H81O13P,CCC=CCC=CCC=CCC=CCCCCCCC(=O)OC(COC(=O)CCCCCCCC=CCCCCCCCC)COP(=O)(O)OC1C(O)C(O)C(O)C(O)C1O,[M-H]-,PI 18:1_20:4,"PI 18:1(9)_20:4(8,11,14,17)",0.47799999999999915,0.9001050000000342,0.03934704262348627,0.16928813409879237,Some,Some,3066.6737445588706,3644.9415597346824,80864.74430892839,55369.51614486211
4389,10.838,883.53466,883.5342,0.520636326217457,C47H81O13P,CCCCCC=CCC=CCC=CCC=CCCCC(=O)OC(COC(=O)CCCCCCCCCC=CCCCCCC)COP(=O)(O)OC1C(O)C(O)C(O)C(O)C1O,[M-H]-,PI 18:1_20:4,"PI 18:1(11)_20:4(5,8,11,14)",0.8168888888888897,0.8726866666667471,0.0,0.1689575555555637,Some,Some,51486.357362777366,64716.4536537293,23156.735188737286,33369.319854745314
4389,10.838,883.53466,883.5342,0.520636326217457,C47H81O13P,CCCCCC=CCC=CCC=CCC=CCCCC(=O)OC(COC(=O)CCCCC=CCCCCCCCCCCC)COP(=O)(O)OC1C(O)C(O)C(O)C(O)C1O,[M-H]-,PI 18:1_20:4,"PI 18:1(6)_20:4(5,8,11,14)",0.8023333333333339,0.8512783333334065,0.0,0.16536116666667405,Some,None,0.0,7258.766039797591,39339.37425355579,55369.51614486211
4389,10.838,883.53466,883.5342,0.520636326217457,C47H81O13P,CCC=CCC=CCC=CCC=CCCCCCCC(=O)OC(COC(=O)CCCCC=CCCCCCCCCCCC)COP(=O)(O)OC1C(O)C(O)C(O)C(O)C1O,[M-H]-,PI 18:1_20:4,"PI 18:1(6)_20:4(8,11,14,17)",0.4736666666666653,0.8701600000000363,0.029727269193885204,0.15816448202177835,Some,Some,101003.29121987472,98867.44859350187,45387.200969925085,60261.065855334185
4389,10.838,883.53466,883.5342,0.520636326217457,C47H81O13P,CCC=CCC=CCC=CCC=CCCCCCCC(=O)OC(COC(=O)CCCCCCCCCC=CCCCCCC)COP(=O)(O)OC1C(O)C(O)C(O)C(O)C1O,[M-H]-,PI 18:1_20:4,"PI 18:1(11)_20:4(8,11,14,17)",0.5754999999999995,0.8058325000000082,0.022295451895413904,0.1559696115163319,Some,Some,49516.933857097356,41409.760979570165,57665.25822445803,82261.26214545096
4442,11.023,859.53449,859.5342,0.3373920432135701,C45H81O13P,CCCCCCCCC=CCC=CCCCCC(=O)OC(COC(=O)CCCCCCCCCC=CCCCCCC)COP(=O)(O)OC1C(O)C(O)C(O)C(O)C1O,[M-H]-,PI 18:1_18:2,"PI 18:1(11)_18:2(6,9)",0.6494999999999997,0.8713599999999815,0.019293068312663177,0.16752045465012866,Some,Some,44308.09958018023,40363.94608206191,39241.83041152481,70479.3644642511
4442,11.023,859.53449,859.5342,0.3373920432135701,C45H81O13P,CCCCCC=CCC=CCCCCCCCC(=O)OC(COC(=O)CCCCCCCCCC=CCCCCCC)COP(=O)(O)OC1C(O)C(O)C(O)C(O)C1O,[M-H]-,PI 18:1_18:2,"PI 18:1(11)_18:2(9,12)",0.7371999999999993,0.761812000000009,0.015434454650130542,0.16224876372010527,Some,Some,36466.16038719683,36560.46915608462,36095.41337852868,63280.75954272428
4442,11.023,859.53449,859.5342,0.3373920432135701,C45H81O13P,CCCCCC=CCC=CCCCCCCCC(=O)OC(COC(=O)CCCCC=CCCCCCCCCCCC)COP(=O)(O)OC1C(O)C(O)C(O)C(O)C1O,[M-H]-,PI 18:1_18:2,"PI 18:1(6)_18:2(9,12)",0.7045000000000003,0.6981525000000204,0.0,0.14026525000000206,Some,None,44308.09958018023,39936.50772276161,40115.049520682165,33928.308467351286
4442,11.023,859.53449,859.5342,0.3373920432135701,C45H81O13P,CCCCCCCCC=CCC=CCCCCC(=O)OC(COC(=O)CCCCC=CCCCCCCCCCCC)COP(=O)(O)OC1C(O)C(O)C(O)C(O)C1O,[M-H]-,PI 18:1_18:2,"PI 18:1(6)_18:2(6,9)",0.576666666666668,0.8229966666666542,0.0,0.13996633333333222,Some,Some,36466.16038719683,36133.03079678431,36968.63248768604,26729.703545824454
4442,11.023,859.53449,859.5342,0.3373920432135701,C45H81O13P,CCCCCCCCC=CCC=CCCCCC(=O)OC(COC(=O)CCCCCCCC=CCCCCCCCC)COP(=O)(O)OC1C(O)C(O)C(O)C(O)C1O,[M-H]-,PI 18:1_18:2,"PI 18:1(9)_18:2(6,9)",0.511000000000001,0.8162599999999998,0.0,0.13272600000000007,Some,Some,44308.09958018023,39936.50772276161,39241.83041152481,33928.308467351286
4442,11.023,859.53449,859.5342,0.3373920432135701,C45H81O13P,CCCCCC=CCC=CCCCCCCCC(=O)OC(COC(=O)CCCCCCCC=CCCCCCCCC)COP(=O)(O)OC1C(O)C(O)C(O)C(O)C1O,[M-H]-,PI 18:1_18:2,"PI 18:1(9)_18:2(9,12)",0.5635000000000003,0.7066725000000247,0.0,0.12701725000000252,Some,Some,79143.38048506566,76069.53851954592,75337.24379005349,59653.55551249758
4504,11.274,885.55008,885.54985,0.2597256382435613,C47H83O13P,CCCCCC=CCC=CCC=CCC=CCCCC(=O)OC(COC(=O)CCCCCCCCCCCCCCCCC)COP(=O)(O)OC1C(O)C(O)C(O)C(O)C1O,[M-H]-,PI 18:0_20:4,"PI 18:0_20:4(5,8,11,14)",0.904285714285714,0.8802085714286088,0.058128096897052624,0.2249519060890744,Some,Some,0.0,0.0,1540537.6276709067,0.0
4504,11.274,885.55008,885.54985,0.2597256382435613,C47H83O13P,CCC=CCC=CCC=CCC=CCCCCCCC(=O)OC(COC(=O)CCCCCCCCCCCCCCCCC)COP(=O)(O)OC1C(O)C(O)C(O)C(O)C1O,[M-H]-,PI 18:0_20:4,"PI 18:0_20:4(8,11,14,17)",0.6728000000000002,0.7240660000000162,0.0,0.13968660000000166,Some,Some,0.0,0.0,219462.37232909328,0.0
4663,11.711,909.55055,909.54985,0.7696114732487277,C49H83O13P,CCC=CCC=CCC=CCC=CCC=CCC=CCCC(=O)OC(COC(=O)CCCCCCCCCCCCCCCCC)COP(=O)(O)OC1C(O)C(O)C(O)C(O)C1O,[M-H]-,PI 18:0_22:6,"PI 18:0_22:6(4,7,10,13,16,19)",0.8089999999999997,0.8171150000000722,0.034031145164967955,0.18983641613198157,Some,Some,144000.0,151000.0,139000.0,151000.0
4702,11.769,835.53478,835.58584,61.10682775572976,C48H85O9P,CCCCCCCCC=CCCCCCCCC(=O)OC(COCCCCCCCCC=CCC=CCC=CCC=CCC=CCC)COP(=O)(O)OCC(O)CO,[M-H]-,PG O-24:5_18:1,"PG O-24:5(9,12,15,18,21)_18:1(9)",0.7140000000000006,0.8925166666666655,0.08432047814441951,0.2281080491822022,Some,Some,211131.81375897978,223141.37654975444,168454.6571829882,169235.25410860317
4702,11.769,835.53478,835.58584,61.10682775572976,C48H85O9P,CCCCCCCCCCCC=CCCCCC(=O)OC(COCCCCCCCCC=CCC=CCC=CCC=CCC=CCC)COP(=O)(O)OCC(O)CO,[M-H]-,PG O-24:5_18:1,"PG O-24:5(9,12,15,18,21)_18:1(6)",0.6912000000000006,0.8696849999999927,0.08482950282641484,0.2239521022611312,Some,Some,31213.123408483945,28537.68093991388,36909.5838505259,25582.35396466364
4702,11.769,835.53478,835.58584,61.10682775572976,C48H85O9P,CCCCCCC=CCCCCCCCCCC(=O)OC(COCCCCCCCCC=CCC=CCC=CCC=CCC=CCC)COP(=O)(O)OCC(O)CO,[M-H]-,PG O-24:5_18:1,"PG O-24:5(9,12,15,18,21)_18:1(11)",0.7060000000000006,0.901662999999985,0.07588843032997757,0.22147704426398063,Some,Some,251319.5350185289,258228.92009433758,200784.71859280064,206351.90838487216
4702,11.769,835.53478,835.58584,61.10682775572976,C48H85O9P,CCCCCCCCC=CCCCCCCCC(=O)OC(COCCCCCC=CCC=CCC=CCC=CCC=CCCCCC)COP(=O)(O)OCC(O)CO,[M-H]-,PG O-24:5_18:1,"PG O-24:5(6,9,12,15,18)_18:1(9)",0.6575000000000006,0.7561774999999784,0.016793227133647406,0.15480233170691585,Some,Some,112727.98790965363,112155.2459051864,132737.7996994839,150042.4542477974
4702,11.769,835.53478,835.58584,61.10682775572976,C48H85O9P,CCCCCCCCCCCC=CCCCCC(=O)OC(COCCCCCC=CCC=CCC=CCC=CCC=CCCCCC)COP(=O)(O)OCC(O)CO,[M-H]-,PG O-24:5_18:1,"PG O-24:5(6,9,12,15,18)_18:1(6)",0.6205714285714292,0.6431942857142628,0.030195823644036696,0.15053323034379856,Some,Some,132098.16160486927,134941.25538221866,165375.44097471744,168455.95609053952
4702,11.769,835.53478,835.58584,61.10682775572976,C48H85O9P,CCCCCCC=CCCCCCCCCCC(=O)OC(COCCCCCC=CCC=CCC=CCC=CCC=CCCCCC)COP(=O)(O)OCC(O)CO,[M-H]-,PG O-24:5_18:1,"PG O-24:5(6,9,12,15,18)_18:1(11)",0.6435555555555561,0.7104444444444071,0.014927313007686583,0.14734185040614559,Some,Some,111509.3782994845,110995.52112858905,132737.7996994839,152332.0732035241
5437,12.579,773.53485,773.53381,1.344479047385207,C42H79O10P,CCCCCCCCC=CCC=CCCCCC(=O)OC(COC(=O)CCCCCCCCCCCCCCCCC)COP(=O)(O)OCC(O)CO,[M-H]-,PG 18:0_18:2,"PG 18:0_18:2(6,9)",0.6905000000000001,0.8732425000000319,0.05934733874828311,0.2038521209986297,All,Some,0.0,0.0,8340.50553908566,0.0
5437,12.579,773.53485,773.53381,1.344479047385207,C42H79O10P,CCCCCC=CCC=CCCCCCCCC(=O)OC(COC(=O)CCCCCCCCCCCCCCCCC)COP(=O)(O)OCC(O)CO,[M-H]-,PG 18:0_18:2,"PG 18:0_18:2(9,12)",0.942000000000002,0.9846974999999816,0.0,0.19266974999999836,All,None,0.0,0.0,4359.4944609143395,0.0
5448,12.591,669.44924,669.45008,1.2547612212184172,C37H67O8P,CCCCCCCCC=CCC=CCCCCC(=O)OC(COC(=O)CCCCCC=CCCCCCCCC)COP(=O)(O)O,[M-H]-,PA 16:1_18:2,"PA 16:1(7)_18:2(6,9)",0.5250000000000004,0.8055550000000267,0.100760863754133,0.21366419100330913,Some,Some,0.0,0.0,0.0,2091.5728627928206
5448,12.591,669.44924,669.45008,1.2547612212184172,C37H67O8P,CCCCCC=CCC=CCCCCCCCC(=O)OC(COC(=O)CCCCCC=CCCCCCCCC)COP(=O)(O)O,[M-H]-,PA 16:1_18:2,"PA 16:1(7)_18:2(9,12)",0.44149999999999956,0.44906999999997765,0.14717939507046654,0.20680051605637098,Some,Some,0.0,0.0,0.0,4751.0077578338905
5448,12.591,669.44924,669.45008,1.2547612212184172,C37H67O8P,CCCCCCCCC=CCC=CCCCCC(=O)OC(COC(=O)CCCCCCCC=CCCCCCC)COP(=O)(O)O,[M-H]-,PA 16:1_18:2,"PA 16:1(9)_18:2(6,9)",0.7045000000000003,0.8434075000000405,0.0503804318770665,0.1950950955016573,Some,Some,0.0,0.0,0.0,0.0
5448,12.591,669.44924,669.45008,1.2547612212184172,C37H67O8P,CCCCCCCCC=CCC=CCCCCC(=O)OC(COC(=O)CCCCC=CCCCCCCCCC)COP(=O)(O)O,[M-H]-,PA 16:1_18:2,"PA 16:1(6)_18:2(6,9)",0.47800000000000037,0.8165200000000065,0.067173909169422,0.1831911273355383,Some,Some,0.0,0.0,0.0,1934.7048980833583
5448,12.591,669.44924,669.45008,1.2547612212184172,C37H67O8P,CCCCCC=CCC=CCCCCCCCC(=O)OC(COC(=O)CCCCCCCC=CCCCCCC)COP(=O)(O)O,[M-H]-,PA 16:1_18:2,"PA 16:1(9)_18:2(9,12)",0.6887999999999991,0.39760999999998603,0.07743917055472002,0.17059233644377453,All,Some,0.0,0.0,0.0,8031.639793124429
5448,12.591,669.44924,669.45008,1.2547612212184172,C37H67O8P,CCCCCC=CCC=CCCCCCCCC(=O)OC(COC(=O)CCCCC=CCCCCCCCCC)COP(=O)(O)O,[M-H]-,PA 16:1_18:2,"PA 16:1(6)_18:2(9,12)",0.5149999999999988,0.2659949999999469,0.09679896319340003,0.1555386705547146,All,Some,0.0,0.0,0.0,10691.074688165501
5487,12.607,887.56615,887.5655,0.732340317363083,C47H85O13P,CCCCCCCCC=CCC=CCC=CCCCC(=O)OC(COC(=O)CCCCCCCCCCCCCCCCC)COP(=O)(O)OC1C(O)C(O)C(O)C(O)C1O,[M-H]-,PI 18:0_20:3,"PI 18:0_20:3(5,8,11)",0.897666666666666,0.7937400000000707,0.022329858549963107,0.18700455350664416,All,Some,196926.03069186516,180417.3794047212,215724.79048391455,213371.34945331007
5487,12.607,887.56615,887.5655,0.732340317363083,C47H85O13P,CCC=CCC=CCC=CCCCCCCCCCC(=O)OC(COC(=O)CCCCCCCCCCCCCCCCC)COP(=O)(O)OC1C(O)C(O)C(O)C(O)C1O,[M-H]-,PI 18:0_20:3,"PI 18:0_20:3(11,14,17)",0.8455000000000013,0.7283399999999745,0.023939558736227252,0.1765356469889794,Some,Some,154645.08943822683,188874.44406431747,157333.73884833738,150349.7673356362
5487,12.607,887.56615,887.5655,0.732340317363083,C47H85O13P,CCCCCC=CCC=CCC=CCCCCCCC(=O)OC(COC(=O)CCCCCCCCCCCCCCCCC)COP(=O)(O)OC1C(O)C(O)C(O)C(O)C1O,[M-H]-,PI 18:0_20:3,"PI 18:0_20:3(8,11,14)",0.8346666666666666,0.8904466666666812,0.004029210316135843,0.17573470158624346,All,Some,235428.87986990807,248708.17653096133,237941.47066774804,239278.88321105368
6055,12.899,695.46556,695.46573,0.24444051330255856,C39H69O8P,CCCCCC=CCC=CCCCCCCCC(=O)OC(COC(=O)CCCCCCCC=CCC=CCCCCC)COP(=O)(O)O,[M-H]-,PA 18:2_18:2,"PA 18:2(9,12)_18:2(9,12)",0.4369999999999994,0.712352500000037,0.311931391888771,0.3644803635110205,All,Some,10125.761150432536,6787.760044028619,7364.923891462608,12064.969907171275
6055,12.899,695.46556,695.46573,0.24444051330255856,C39H69O8P,CCCCCC=CCC=CCCCCCCCC(=O)OC(COC(=O)CCCCC=CCC=CCCCCCCCC)COP(=O)(O)O,[M-H]-,PA 18:2_18:2,"PA 18:2(6,9)_18:2(9,12)",0.35766666666666563,0.7712166666666841,0.20795426125918068,0.2792517423406795,Some,Some,11639.59854697974,7359.559713813979,8080.438687718635,13091.165969601143
6055,12.899,695.46556,695.46573,0.24444051330255856,C39H69O8P,CCCCCCCCC=CCC=CCCCCC(=O)OC(COC(=O)CCCCC=CCC=CCCCCCCCC)COP(=O)(O)O,[M-H]-,PA 18:2_18:2,"PA 18:2(6,9)_18:2(6,9)",0.5954999999999995,0.8553025000000218,0.0,0.14508025000000213,All,None,3034.6403025877244,1452.6802421574023,1754.6374208187576,2943.864123227583
6885,13.28,863.56597,863.5655,0.5442551838282474,C45H85O13P,CCCCCCCCC=CCCCCCCCC(=O)OC(COC(=O)CCCCCCCCCCCCCCCCC)COP(=O)(O)OC1C(O)C(O)C(O)C(O)C1O,[M-H]-,PI 18:0_18:1,PI 18:0_18:1(9),0.6109999999999989,0.8986150000000066,0.049359951774001994,0.19044946141920216,All,Some,167452.7896995708,186441.38506466418,173630.41700735895,185433.38632750398
6885,13.28,863.56597,863.5655,0.5442551838282474,C45H85O13P,CCCCCCCCCCCC=CCCCCC(=O)OC(COC(=O)CCCCCCCCCCCCCCCCC)COP(=O)(O)OC1C(O)C(O)C(O)C(O)C1O,[M-H]-,PI 18:0_18:1,PI 18:0_18:1(6),0.8229999999999986,0.8952850000000012,0.0,0.1718285,All,None,82360.51502145923,77869.211514393,81643.49959116925,80123.37042925278
6885,13.28,863.56597,863.5655,0.5442551838282474,C45H85O13P,CCCCCCC=CCCCCCCCCCC(=O)OC(COC(=O)CCCCCCCCCCCCCCCCC)COP(=O)(O)OC1C(O)C(O)C(O)C(O)C1O,[M-H]-,PI 18:0_18:1,PI 18:0_18:1(11),0.8859999999999992,0.8264050000000225,0.0,0.17124050000000218,All,None,149186.69527896997,145689.40342094286,144726.08340147178,148443.24324324325
6906,13.289,762.50803,762.50793,0.13114617703044473,C43H74NO8P,CCC=CCC=CCC=CCC=CCC=CCC=CCCC(=O)OC(COC(=O)CCCCCCCCCCCCCCC)COP(=O)(O)OCCN,[M-H]-,PE 16:0_22:6,"PE 16:0_22:6(4,7,10,13,16,19)",0.8830000000000006,0.8723941666666614,0.14253609453350632,0.2895682922934713,All,Some,0.0,0.0,83800.0,0.0
7083,13.352,762.54419,762.50793,47.55360380313711,C43H74NO8P,CCC=CCC=CCC=CCC=CCC=CCC=CCCC(=O)OC(COC(=O)CCCCCCCCCCCCCCC)COP(=O)(O)OCCN,[M-H]-,PE 16:0_22:6,"PE 16:0_22:6(4,7,10,13,16,19)",0.8191666666666672,0.9053424999999891,0.16666699844586633,0.30578451542335866,All,Some,0.0,143000.0,0.0,0.0
7340,13.41,719.46486,719.46573,1.2092306327967992,C41H69O8P,CCC=CCC=CCC=CCC=CCC=CCC=CCCC(=O)OC(COC(=O)CCCCCCCCCCCCCCC)COP(=O)(O)O,[M-H]-,PA 16:0_22:6,"PA 16:0_22:6(4,7,10,13,16,19)",0.7494999999999997,0.7882733333333647,0.03797418026865565,0.18415667754826096,All,Some,62900.0,28600.0,57700.0,71600.0
7585,13.62,738.50839,738.50793,0.6228775362987369,C41H74NO8P,CCCCCC=CCC=CCC=CCC=CCCCC(=O)OC(COC(=O)CCCCCCCCCCCCCCC)COP(=O)(O)OCCN,[M-H]-,PE 16:0_20:4,"PE 16:0_20:4(5,8,11,14)",0.8512499999999994,0.8991400000000027,0.23425807168998375,0.36244545735198724,All,Some,62703.47728612206,56512.05148093884,60245.42220736744,65274.47651386531
7585,13.62,738.50839,738.50793,0.6228775362987369,C41H74NO8P,CCC=CCC=CCC=CCC=CCCCCCCC(=O)OC(COC(=O)CCCCCCCCCCCCCCC)COP(=O)(O)OCCN,[M-H]-,PE 16:0_20:4,"PE 16:0_20:4(8,11,14,17)",0.7727499999999994,0.7039974999999998,0.19264900925363176,0.3017939574029054,All,Some,81296.52271387794,65487.94851906116,79754.57779263255,92725.52348613471
7639,13.656,645.4497,645.45008,0.5887364673501736,C35H67O8P,CCCCCCC=CCCCCCCCC(=O)OC(COC(=O)CCCCCCCCCCCCCCC)COP(=O)(O)O,[M-H]-,PA 16:0_16:1,PA 16:0_16:1(9),0.8950000000000014,0.5421549999999797,0.3586588029651698,0.43064254237213395,All,Some,11563.05596502821,5555.473098330241,14735.92997297615,13419.852524106636
7639,13.656,645.4497,645.45008,0.5887364673501736,C35H67O8P,CCCCCCCCC=CCCCCCC(=O)OC(COC(=O)CCCCCCCCCCCCCCC)COP(=O)(O)O,[M-H]-,PA 16:0_16:1,PA 16:0_16:1(7),0.9139999999999997,0.5240249999999946,0.3451335938288601,0.41990937506308756,All,Some,14525.49179077924,9740.352504638218,17851.897544354364,21184.968803176405
7639,13.656,645.4497,645.45008,0.5887364673501736,C35H67O8P,CCCCCCCCCC=CCCCCC(=O)OC(COC(=O)CCCCCCCCCCCCCCC)COP(=O)(O)O,[M-H]-,PA 16:0_16:1,PA 16:0_16:1(6),0.3949999999999996,0.5003550000000132,0.35821163922742577,0.3761048113819419,All,Some,11511.45224419255,4404.17439703154,9912.172482669486,13095.17867271696
7641,13.658,671.4655,671.46573,0.34253423475199546,C37H69O8P,CCCCCCCCC=CCC=CCCCCC(=O)OC(COC(=O)CCCCCCCCCCCCCCC)COP(=O)(O)O,[M-H]-,PA 16:0_18:2,"PA 16:0_18:2(6,9)",0.5330000000000004,0.5126574999999889,0.3495461026352572,0.38420263210820477,All,Some,5436.483337217432,0.0,0.0,7357.064220183486
7641,13.658,671.4655,671.46573,0.34253423475199546,C37H69O8P,CCCCCC=CCC=CCCCCCCCC(=O)OC(COC(=O)CCCCCCCCCCCCCCC)COP(=O)(O)O,[M-H]-,PA 16:0_18:2,"PA 16:0_18:2(9,12)",0.6875,0.501952499999959,0.23385987884528128,0.3060331530762209,All,Some,5163.516662782568,0.0,0.0,9442.935779816515
7648,13.662,776.5454,776.54471,0.8885515425933685,C40H78NO8P,CCCCCCCCC=CCCCCCC(=O)OC(COC(=O)CCCCCCCCCCCCCCC)COP(=O)([O-])OCC[N+](C)(C)C,[M+HCOO]-,PC 16:0_16:1,PC 16:0_16:1(7),0.5820000000000025,0.5228999999999928,0.21736639350257478,0.28438311480205936,All,Some,4684.1215158158475,0.0,1577.4213108428423,2469.6017931759693
7648,13.662,776.5454,776.54471,0.8885515425933685,C40H78NO8P,CCCCCCC=CCCCCCCCC(=O)OC(COC(=O)CCCCCCCCCCCCCCC)COP(=O)([O-])OCC[N+](C)(C)C,[M+HCOO]-,PC 16:0_16:1,PC 16:0_16:1(9),0.9130000000000003,0.990319999999997,0.0,0.19033199999999972,All,None,42679.42373943001,0.0,45393.11504327215,51060.68572377342
7648,13.662,776.5454,776.54471,0.8885515425933685,C40H78NO8P,CCCCCCCCCC=CCCCCC(=O)OC(COC(=O)CCCCCCCCCCCCCCC)COP(=O)([O-])OCC[N+](C)(C)C,[M+HCOO]-,PC 16:0_16:1,PC 16:0_16:1(6),0.9520000000000017,0.9379149999999186,0.0,0.18899149999999204,All,None,6436.45474475415,0.0,4129.463645885012,6769.712483050613
7784,13.703,759.46602,759.55454,116.54199315300889,C42H81O9P,CCCCCCCCCCCCCCCC(=O)OC(COCCCCCCCC=CCC=CCCCCCCCC)COP(=O)(O)OCC(O)CO,[M-H]-,PG O-20:2_16:0,"PG O-20:2(8,11)_16:0",0.6344999999999992,0.66665500000002,0.36721346969218127,0.42388627575374693,All,Some,59468.23278163374,103647.6418433739,17625.83222370173,45822.620016273395
7784,13.703,759.46602,759.55454,116.54199315300889,C42H81O9P,CCCCCCCCCCCCCCCC(=O)OC(COCCCCCCCCCCC=CCC=CCCCCC)COP(=O)(O)OCC(O)CO,[M-H]-,PG O-20:2_16:0,"PG O-20:2(11,14)_16:0",0.8099999999999996,0.7062274999999261,0.2960434675049477,0.3884575240039507,All,Some,156531.76721836627,182352.35815662608,199374.16777629827,182177.3799837266
7939,13.718,695.46563,695.46573,0.14378853717910436,C39H69O8P,CCC=CCC=CCC=CCC=CCCCCCCC(=O)OC(COC(=O)CCCCCCCCCCCCCCC)COP(=O)(O)O,[M-H]-,PA 16:0_20:4,"PA 16:0_20:4(8,11,14,17)",0.8620000000000001,0.7396850000000086,0.11717527172381179,0.2539087173790503,All,Some,65139.42112970059,33370.520214627984,55003.58796165295,92143.62032550629
7939,13.718,695.46563,695.46573,0.14378853717910436,C39H69O8P,CCCCCC=CCC=CCC=CCC=CCCCC(=O)OC(COC(=O)CCCCCCCCCCCCCCC)COP(=O)(O)O,[M-H]-,PA 16:0_20:4,"PA 16:0_20:4(5,8,11,14)",0.4987499999999998,0.6154362500000303,0.0980870686828027,0.1898882799462452,All,Some,255860.57887029942,132629.479785372,223996.41203834704,251856.3796744937
8050,13.726,826.56033,826.56036,0.03629498990764242,C44H80NO8P,CCC=CCC=CCC=CCC=CCCCCCCC(=O)OC(COC(=O)CCCCCCCCCCCCCCC)COP(=O)([O-])OCC[N+](C)(C)C,[M+HCOO]-,PC 16:0_20:4,"PC 16:0_20:4(8,11,14,17)",0.9626666666666672,0.7747083333333649,0.1021988340657356,0.25549656725259173,All,Some,46776.07682137637,16904.578345844326,43378.33496298366,60687.7172225098
8050,13.726,826.56033,826.56036,0.03629498990764242,C44H80NO8P,CCCCCC=CCC=CCC=CCC=CCCCC(=O)OC(COC(=O)CCCCCCCCCCCCCCC)COP(=O)([O-])OCC[N+](C)(C)C,[M+HCOO]-,PC 16:0_20:4,"PC 16:0_20:4(5,8,11,14)",0.9805714285714286,0.9221985714286153,0.0,0.19027700000000441,All,Some,340223.92317862355,119095.42165415568,293621.6650370163,359312.2827774902
8222,13.746,721.48123,721.48138,0.20790557333904713,C41H71O8P,CCC=CCC=CCC=CCC=CCCCCCCC(=O)OC(COC(=O)CCCCC=CCCCCCCCCCCC)COP(=O)(O)O,[M-H]-,PA 18:1_20:4,"PA 18:1(6)_20:4(8,11,14,17)",0.7379999999999995,0.8388474999999715,0.14987684957638048,0.27758622966110147,Some,Some,7259.056457452322,4889.2619989678315,7193.869852632323,8233.106963451823
8222,13.746,721.48123,721.48138,0.20790557333904713,C41H71O8P,CCCCCC=CCC=CCC=CCC=CCCCC(=O)OC(COC(=O)CCCCC=CCCCCCCCCCCC)COP(=O)(O)O,[M-H]-,PA 18:1_20:4,"PA 18:1(6)_20:4(5,8,11,14)",0.8597142857142848,0.9065442857142736,0.08996152421681979,0.24859507651631166,Some,Some,34230.37571177007,29517.357646654054,33883.826801859046,36802.027017073495
8222,13.746,721.48123,721.48138,0.20790557333904713,C41H71O8P,CCC=CCC=CCC=CCC=CCCCCCCC(=O)OC(COC(=O)CCCCCCCC=CCCCCCCCC)COP(=O)(O)O,[M-H]-,PA 18:1_20:4,"PA 18:1(9)_20:4(8,11,14,17)",0.8134999999999999,0.8680587499999746,0.07116051588666315,0.22508428770932798,Some,Some,5057.457179541012,4093.3356270428353,5254.342119751021,6148.579172988818
8222,13.746,721.48123,721.48138,0.20790557333904713,C41H71O8P,CCC=CCC=CCC=CCC=CCCCCCCC(=O)OC(COC(=O)CCCCCCCCCC=CCCCCCC)COP(=O)(O)O,[M-H]-,PA 18:1_20:4,"PA 18:1(11)_20:4(8,11,14,17)",0.8541999999999998,0.8832249999999704,0.05692841270933052,0.21928523016746143,All,Some,34467.12539864122,29816.356442456563,34138.29806033633,37144.2629229704
8222,13.746,721.48123,721.48138,0.20790557333904713,C41H71O8P,CCCCCC=CCC=CCC=CCC=CCCCC(=O)OC(COC(=O)CCCCCCCC=CCCCCCCCC)COP(=O)(O)O,[M-H]-,PA 18:1_20:4,"PA 18:1(9)_20:4(5,8,11,14)",0.9487499999999995,0.9454849999999908,0.0,0.18942349999999905,Some,None,5736.60044187943,4350.221916394289,5647.4675895780965,6731.935830767644
8222,13.746,721.48123,721.48138,0.20790557333904713,C41H71O8P,CCCCCC=CCC=CCC=CCC=CCCCC(=O)OC(COC(=O)CCCCCCCCCC=CCCCCCC)COP(=O)(O)O,[M-H]-,PA 18:1_20:4,"PA 18:1(11)_20:4(5,8,11,14)",0.9529999999999994,0.9236530000000016,0.0,0.1876653000000001,All,None,34249.384810715936,29333.466368484438,33882.19557584318,36940.088092747814
8239,13.748,671.46552,671.46573,0.3127486491950009,C37H69O8P,CCCCCCCCC=CCC=CCCCCC(=O)OC(COC(=O)CCCCCCCCCCCCCCC)COP(=O)(O)O,[M-H]-,PA 16:0_18:2,"PA 16:0_18:2(6,9)",0.41900000000000137,0.5126574999999889,0.3350617880728549,0.36121518045828294,All,Some,0.0,3631.3170551239364,0.0,0.0
8239,13.748,671.46552,671.46573,0.3127486491950009,C37H69O8P,CCCCCC=CCC=CCCCCCCCC(=O)OC(COC(=O)CCCCCCCCCCCCCCC)COP(=O)(O)O,[M-H]-,PA 16:0_18:2,"PA 16:0_18:2(9,12)",0.8464999999999998,0.75394,0.17063120898898468,0.29654896719118773,All,Some,0.0,7268.682944876064,0.0,0.0
8520,13.875,714.50809,714.50793,0.22393033489605382,C39H74NO8P,CCCCCCCCC=CCC=CCCCCC(=O)OC(COC(=O)CCCCCCCCCCCCCCC)COP(=O)(O)OCCN,[M-H]-,PE 16:0_18:2,"PE 16:0_18:2(6,9)",0.854000000000001,0.8858100000000491,0.1301238349890154,0.2780800679912173,All,Some,92077.68814233618,50237.28813559322,49050.26560936177,60764.99189627229
8520,13.875,714.50809,714.50793,0.22393033489605382,C39H74NO8P,CCCCCC=CCC=CCCCCCCCC(=O)OC(COC(=O)CCCCCCCCCCCCCCC)COP(=O)(O)OCCN,[M-H]-,PE 16:0_18:2,"PE 16:0_18:2(9,12)",0.9190000000000005,0.9528250000000469,0.0,0.18718250000000475,All,None,36922.31185766384,29562.711864406778,50049.73439063824,42235.00810372771
8726,13.977,673.47159,673.48138,14.53640782162778,C37H71O8P,CCCCCCCCC=CCCCCCCCC(=O)OC(COC(=O)CCCCCCCCCCCCCCC)COP(=O)(O)O,[M-H]-,PA 16:0_18:1,PA 16:0_18:1(9),0.7259999999999991,0.5237049999999499,0.2772468663202548,0.34676799305619876,All,Some,16800.0,6360.10208421948,17095.550189720594,21192.24555735057
8726,13.977,673.47159,673.48138,14.53640782162778,C37H71O8P,CCCCCCC=CCCCCCCCCCC(=O)OC(COC(=O)CCCCCCCCCCCCCCC)COP(=O)(O)O,[M-H]-,PA 16:0_18:1,PA 16:0_18:1(11),0.9580000000000002,0.9723249999999553,0.0,0.19303249999999555,All,None,0.0,10749.46831135687,8946.671265953777,17189.014539579966
8726,13.977,673.47159,673.48138,14.53640782162778,C37H71O8P,CCCCCCCCCCCC=CCCCCC(=O)OC(COC(=O)CCCCCCCCCCCCCCC)COP(=O)(O)O,[M-H]-,PA 16:0_18:1,PA 16:0_18:1(6),0.8689999999999998,0.47405000000003383,0.0,0.1343050000000034,All,None,43800.0,17990.42960442365,56557.77854432563,73618.73990306947
8799,13.992,695.46635,695.46573,0.8914889307719968,C39H69O8P,CCC=CCC=CCC=CCC=CCCCCCCC(=O)OC(COC(=O)CCCCCCCCCCCCCCC)COP(=O)(O)O,[M-H]-,PA 16:0_20:4,"PA 16:0_20:4(8,11,14,17)",0.8662500000000013,0.8280212499999919,0.0836431772674285,0.23634166681394214,All,Some,0.0,0.0,0.0,13688.991614706516
8799,13.992,695.46635,695.46573,0.8914889307719968,C39H69O8P,CCCCCC=CCC=CCC=CCC=CCCCC(=O)OC(COC(=O)CCCCCCCCCCCCCCC)COP(=O)(O)O,[M-H]-,PA 16:0_20:4,"PA 16:0_20:4(5,8,11,14)",0.7933333333333324,0.7902016666666706,0.04311628367453003,0.19284652693962434,Some,Some,0.0,0.0,0.0,5811.008385293485
8960,14.015,671.46599,671.46573,0.3872126132567989,C37H69O8P,CCCCCC=CCC=CCCCCCCCC(=O)OC(COC(=O)CCCCCCCCCCCCCCC)COP(=O)(O)O,[M-H]-,PA 16:0_18:2,"PA 16:0_18:2(9,12)",0.819,0.7313474999999983,0.15542548358683297,0.2793751368694662,All,Some,147099.35897435897,54607.43373315564,245493.78132541303,261592.9928801926
8960,14.015,671.46599,671.46573,0.3872126132567989,C37H69O8P,CCCCCCCCC=CCC=CCCCCC(=O)OC(COC(=O)CCCCCCCCCCCCCCC)COP(=O)(O)O,[M-H]-,PA 16:0_18:2,"PA 16:0_18:2(6,9)",0.6885000000000003,0.9254300000000626,0.0,0.16139300000000628,All,None,1192900.641025641,319392.5662668444,804506.218674587,1198407.0071198074
8962,14.016,743.54193,743.46573,102.49295552596838,C43H69O8P,CCC=CCC=CCC=CCC=CCC=CCC=CCCC(=O)OC(COC(=O)CCCCCCCC=CCC=CCCCCC)COP(=O)(O)O,[M-H]-,PA 18:2_22:6,"PA 18:2(9,12)_22:6(4,7,10,13,16,19)",0.8691666666666666,0.9567099999999963,0.044178992273244205,0.21793086048526167,Some,Some,63248.509127327365,43061.8825638727,40045.697156196955,43408.71766029246
8962,14.016,743.54193,743.46573,102.49295552596838,C43H69O8P,CCC=CCC=CCC=CCC=CCC=CCC=CCCC(=O)OC(COC(=O)CCCCC=CCC=CCCCCCCCC)COP(=O)(O)O,[M-H]-,PA 18:2_22:6,"PA 18:2(6,9)_22:6(4,7,10,13,16,19)",0.8420000000000002,0.948670833333343,0.0,0.17906708333333432,Some,None,63751.49087267264,38038.1174361273,29654.302843803056,43391.28233970754
8968,14.016,753.45929,753.50759,64.10021696004442,C42H75O9P,CCCCCCCCCCCCCCCC(=O)OC(COCCCCC=CCC=CCC=CCC=CCC=CCC)COP(=O)(O)OCC(O)CO,[M-H]-,PG O-20:5_16:0,"PG O-20:5(5,8,11,14,17)_16:0",0.7944999999999993,0.7813850000000002,0.1694486148727435,0.2931473918981948,All,Some,75400.0,245000.0,88200.0,167000.0
8976,14.019,758.53201,758.49776,45.15504436037194,C40H74NO10P,CCCCCC=CCC=CCCCCCCCC(=O)OC(COC(=O)CCCCCCCCCCCCCCC)COP(=O)(O)OCC(N)C(=O)O,[M-H]-,PS 16:0_18:2,"PS 16:0_18:2(9,12)",0.8020000000000005,0.727352499999995,0.1962395453150609,0.3099268862520483,All,Some,117991.46029035014,46279.01886792453,97268.18308162698,169398.0177360459
8976,14.019,758.53201,758.49776,45.15504436037194,C40H74NO10P,CCCCCCCCC=CCC=CCCCCC(=O)OC(COC(=O)CCCCCCCCCCCCCCC)COP(=O)(O)OCC(N)C(=O)O,[M-H]-,PS 16:0_18:2,"PS 16:0_18:2(6,9)",0.9489999999999998,0.8945850000000348,0.0,0.18435850000000348,All,None,53008.53970964987,23920.98113207547,43731.81691837301,88601.9822639541
9010,14.024,697.40504,697.48138,109.45095050416862,C39H71O8P,CCCCCC=CCC=CCCCCCCCC(=O)OC(COC(=O)CCCCCCCC=CCCCCCCCC)COP(=O)(O)O,[M-H]-,PA 18:1_18:2,"PA 18:1(9)_18:2(9,12)",0.8135000000000012,0.7325900000000161,0.15145293227483675,0.2757713458198711,Some,Some,150932.30410652267,178667.31578616746,131531.93415172255,181557.18559984557
9010,14.024,697.40504,697.48138,109.45095050416862,C39H71O8P,CCCCCC=CCC=CCCCCCCCC(=O)OC(COC(=O)CCCCCCCCCC=CCCCCCC)COP(=O)(O)O,[M-H]-,PA 18:1_18:2,"PA 18:1(11)_18:2(9,12)",0.8703333333333335,0.7874466666666535,0.10096862151655783,0.246552897213245,All,Some,187282.12583797757,173537.4709466675,140459.86309894215,127957.72608821542
9010,14.024,697.40504,697.48138,109.45095050416862,C39H71O8P,CCCCCC=CCC=CCCCCCCCC(=O)OC(COC(=O)CCCCC=CCCCCCCCCCCC)COP(=O)(O)O,[M-H]-,PA 18:1_18:2,"PA 18:1(6)_18:2(9,12)",0.7633333333333331,0.7690849999999804,0.10096862151655783,0.2340167305465776,All,Some,83205.37228702966,65133.99082856964,68756.5763421395,116809.47784962841
9010,14.024,697.40504,697.48138,109.45095050416862,C39H71O8P,CCCCCCCCC=CCC=CCCCCC(=O)OC(COC(=O)CCCCCCCCCC=CCCCCCC)COP(=O)(O)O,[M-H]-,PA 18:1_18:2,"PA 18:1(11)_18:2(6,9)",0.8676000000000016,0.8656459999999925,0.0,0.1733245999999994,Some,None,123876.55047480586,67640.42967523086,80889.12145726084,69415.69346588166
9010,14.024,697.40504,697.48138,109.45095050416862,C39H71O8P,CCCCCCCCC=CCC=CCCCCC(=O)OC(COC(=O)CCCCC=CCCCCCCCCCCC)COP(=O)(O)O,[M-H]-,PA 18:1_18:2,"PA 18:1(6)_18:2(6,9)",0.8500000000000014,0.8224074999999971,0.0,0.16724074999999985,Some,None,9385.117749547118,17912.682957472203,14596.368162018442,20319.467232892577
9010,14.024,697.40504,697.48138,109.45095050416862,C39H71O8P,CCCCCCCCC=CCC=CCCCCC(=O)OC(COC(=O)CCCCCCCC=CCCCCCCCC)COP(=O)(O)O,[M-H]-,PA 18:1_18:2,"PA 18:1(9)_18:2(6,9)",0.7360000000000024,0.8845000000000027,0.0,0.16205000000000053,Some,None,52318.52954411713,29108.109805892327,48766.136787916505,52940.44976353634
9028,14.027,714.50796,714.50793,0.04198693783278811,C39H74NO8P,CCCCCCCCC=CCC=CCCCCC(=O)OC(COC(=O)CCCCCCCCCCCCCCC)COP(=O)(O)OCCN,[M-H]-,PE 16:0_18:2,"PE 16:0_18:2(6,9)",0.8180000000000005,0.8747400000000312,0.12725886616216653,0.27108109292973637,All,Some,0.0,10873.177083333332,0.0,10322.797202797203
9028,14.027,714.50796,714.50793,0.04198693783278811,C39H74NO8P,CCCCCC=CCC=CCCCCCCCC(=O)OC(COC(=O)CCCCCCCCCCCCCCC)COP(=O)(O)OCCN,[M-H]-,PE 16:0_18:2,"PE 16:0_18:2(9,12)",0.9339999999999993,0.939545000000038,0.0,0.18735450000000375,All,None,0.0,2026.8229166666665,0.0,877.2027972027972
9144,14.051,697.48122,697.48138,0.22939680473921664,C39H71O8P,CCCCCC=CCC=CCCCCCCCC(=O)OC(COC(=O)CCCCCCCC=CCCCCCCCC)COP(=O)(O)O,[M-H]-,PA 18:1_18:2,"PA 18:1(9)_18:2(9,12)",0.7995000000000001,0.7266450000000191,0.10934980041522989,0.24009434033218585,Some,Some,59596.505237446574,65522.39828928611,73072.45022872237,113623.9758814324
9144,14.051,697.48122,697.48138,0.22939680473921664,C39H71O8P,CCCCCC=CCC=CCCCCCCCC(=O)OC(COC(=O)CCCCCCCCCC=CCCCCCC)COP(=O)(O)O,[M-H]-,PA 18:1_18:2,"PA 18:1(11)_18:2(9,12)",0.8619999999999995,0.7927199999999933,0.07289986694348659,0.22379189355478857,All,Some,90069.98919629856,60354.67156486457,78322.43412151278,70464.44352388843
9144,14.051,697.48122,697.48138,0.22939680473921664,C39H71O8P,CCCCCC=CCC=CCCCCCCCC(=O)OC(COC(=O)CCCCC=CCCCCCCCCCCC)COP(=O)(O)O,[M-H]-,PA 18:1_18:2,"PA 18:1(6)_18:2(9,12)",0.7566666666666665,0.7889783333333374,0.07289986694348659,0.2128843935547897,All,Some,69754.33322373056,65614.9797126878,76491.04439146962,103285.69455951394
9144,14.051,697.48122,697.48138,0.22939680473921664,C39H71O8P,CCCCCCCCC=CCC=CCCCCC(=O)OC(COC(=O)CCCCCCCCCC=CCCCCCC)COP(=O)(O)O,[M-H]-,PA 18:1_18:2,"PA 18:1(11)_18:2(6,9)",0.8364000000000005,0.9164819999999964,0.0,0.1752881999999997,Some,None,103850.58011179483,68139.92762364294,85306.13362541073,65613.3664733499
9144,14.051,697.48122,697.48138,0.22939680473921664,C39H71O8P,CCCCCCCCC=CCC=CCCCCC(=O)OC(COC(=O)CCCCC=CCCCCCCCCCCC)COP(=O)(O)O,[M-H]-,PA 18:1_18:2,"PA 18:1(6)_18:2(6,9)",0.8000000000000007,0.8911425000000008,0.0,0.16911425000000016,Some,None,7867.913006717084,18044.961070292797,16238.322273049418,17966.952039031574
9144,14.051,697.48122,697.48138,0.22939680473921664,C39H71O8P,CCCCCCCCC=CCC=CCCCCC(=O)OC(COC(=O)CCCCCCCC=CCCCCCCCC)COP(=O)(O)O,[M-H]-,PA 18:1_18:2,"PA 18:1(9)_18:2(6,9)",0.6820000000000004,0.9457899999999881,0.0,0.16277899999999887,Some,None,43860.679224012405,29323.061739225792,49569.61535983506,51045.56752278376
9161,14.057,695.46504,695.46573,0.9921409067319823,C39H69O8P,CCC=CCC=CCC=CCC=CCCCCCCC(=O)OC(COC(=O)CCCCCCCCCCCCCCC)COP(=O)(O)O,[M-H]-,PA 16:0_20:4,"PA 16:0_20:4(8,11,14,17)",0.8867499999999997,0.8168550000000323,0.0913335598062216,0.2434273478449805,All,Some,0.0,0.0,7464.20047732697,4299.863098222205
9161,14.057,695.46504,695.46573,0.9921409067319823,C39H69O8P,CCCCCC=CCC=CCC=CCC=CCCCC(=O)OC(COC(=O)CCCCCCCCCCCCCCC)COP(=O)(O)O,[M-H]-,PA 16:0_20:4,"PA 16:0_20:4(5,8,11,14)",0.7066666666666664,0.7902016666666517,0.049938963234363,0.18963800392082222,Some,Some,0.0,0.0,6435.799522673031,2530.136901777795
9183,14.059,753.45901,753.50759,64.47181242064912,C42H75O9P,CCCCCCCCCCCCCCCC(=O)OC(COCCCCC=CCC=CCC=CCC=CCC=CCC)COP(=O)(O)OCC(O)CO,[M-H]-,PG O-20:5_16:0,"PG O-20:5(5,8,11,14,17)_16:0",0.8051111111111106,0.6661411111110991,0.15062879170147164,0.2676282555833983,All,Some,111000.0,0.0,96800.0,0.0
9386,14.122,760.47668,760.51341,48.2963212969961,C40H76NO10P,CCCCCCCCC=CCCCCCCCC(=O)OC(COC(=O)CCCCCCCCCCCCCCC)COP(=O)(O)OCC(N)C(=O)O,[M-H]-,PS 16:0_18:1,PS 16:0_18:1(9),0.8149999999999995,0.5279799999999568,0.1587522702230131,0.26129981617840614,All,Some,0.0,0.0,0.0,0.0
9386,14.122,760.47668,760.51341,48.2963212969961,C40H76NO10P,CCCCCCC=CCCCCCCCCCC(=O)OC(COC(=O)CCCCCCCCCCCCCCC)COP(=O)(O)OCC(N)C(=O)O,[M-H]-,PS 16:0_18:1,PS 16:0_18:1(11),0.8719999999999999,0.8888199999999529,0.0,0.1760819999999953,All,None,0.0,0.0,41373.56988890731,0.0
9386,14.122,760.47668,760.51341,48.2963212969961,C40H76NO10P,CCCCCCCCCCCC=CCCCCC(=O)OC(COC(=O)CCCCCCCCCCCCCCC)COP(=O)(O)OCC(N)C(=O)O,[M-H]-,PS 16:0_18:1,PS 16:0_18:1(6),0.8500000000000014,0.8156850000000304,0.0,0.1665685000000032,All,None,0.0,0.0,172626.4301110927,0.0
9400,14.128,828.57428,828.57601,2.0879194896703197,C44H82NO8P,CCCCCC=CCC=CCCCCCCCC(=O)OC(COC(=O)CCCCCCCCCC=CCCCCCC)COP(=O)([O-])OCC[N+](C)(C)C,[M+HCOO]-,PC 18:1_18:2,"PC 18:1(11)_18:2(9,12)",0.7691999999999993,0.7666760000000068,0.0879629879848086,0.22395799038784753,All,Some,44923.992969306084,0.0,27828.69781384807,0.0
9400,14.128,828.57428,828.57601,2.0879194896703197,C44H82NO8P,CCCCCCCCC=CCC=CCCCCC(=O)OC(COC(=O)CCCCCCCCCC=CCCCCCC)COP(=O)([O-])OCC[N+](C)(C)C,[M+HCOO]-,PC 18:1_18:2,"PC 18:1(11)_18:2(6,9)",0.7289999999999992,0.7698500000000384,0.0733024899873405,0.2085269919898762,All,Some,46289.130024258804,0.0,27762.853695985963,0.0
9400,14.128,828.57428,828.57601,2.0879194896703197,C44H82NO8P,CCCCCC=CCC=CCCCCCCCC(=O)OC(COC(=O)CCCCCCCC=CCCCCCCCC)COP(=O)([O-])OCC[N+](C)(C)C,[M+HCOO]-,PC 18:1_18:2,"PC 18:1(9)_18:2(9,12)",0.9219999999999994,0.9296666666666624,0.0,0.18516666666666617,Some,None,562.0313475980882,0.0,216.64838780434306,0.0
9400,14.128,828.57428,828.57601,2.0879194896703197,C44H82NO8P,CCCCCC=CCC=CCCCCCCCC(=O)OC(COC(=O)CCCCC=CCCCCCCCCCCC)COP(=O)([O-])OCC[N+](C)(C)C,[M+HCOO]-,PC 18:1_18:2,"PC 18:1(6)_18:2(9,12)",0.9283999999999992,0.8984420000000455,0.0,0.18268420000000446,All,None,4678.83964497901,0.0,1924.3474446150476,0.0
9400,14.128,828.57428,828.57601,2.0879194896703197,C44H82NO8P,CCCCCCCCC=CCC=CCCCCC(=O)OC(COC(=O)CCCCCCCC=CCCCCCCCC)COP(=O)([O-])OCC[N+](C)(C)C,[M+HCOO]-,PC 18:1_18:2,"PC 18:1(9)_18:2(6,9)",0.895999999999999,0.9042450000000599,0.0,0.18002450000000592,Some,None,0.0,0.0,216.64838780434306,0.0
9400,14.128,828.57428,828.57601,2.0879194896703197,C44H82NO8P,CCCCCCCCC=CCC=CCCCCC(=O)OC(COC(=O)CCCCC=CCCCCCCCCCCC)COP(=O)([O-])OCC[N+](C)(C)C,[M+HCOO]-,PC 18:1_18:2,"PC 18:1(6)_18:2(6,9)",0.8954999999999993,0.8864375000000564,0.0,0.1781937500000056,Some,None,1746.0060138580204,0.0,150.80426994223882,0.0
9678,14.25,740.52429,740.52358,0.9587810828558961,C41H76NO8P,CCCCCC=CCC=CCCCCCCCC(=O)OC(COC(=O)CCCCCCCC=CCCCCCCCC)COP(=O)(O)OCCN,[M-H]-,PE 18:1_18:2,"PE 18:1(9)_18:2(9,12)",0.6995000000000005,0.7404349999999909,0.10887348125397289,0.23109228500317747,Some,Some,2132.4182478805005,0.0,2537.569507152702,1563.2777737691515
9678,14.25,740.52429,740.52358,0.9587810828558961,C41H76NO8P,CCCCCC=CCC=CCCCCCCCC(=O)OC(COC(=O)CCCCCCCCCC=CCCCCCC)COP(=O)(O)OCCN,[M-H]-,PE 18:1_18:2,"PE 18:1(11)_18:2(9,12)",0.7560000000000002,0.8133866666666449,0.07258232083598193,0.21500452333545006,All,Some,0.0,0.0,2909.6446620090933,1777.2422252687784
9678,14.25,740.52429,740.52358,0.9587810828558961,C41H76NO8P,CCCCCC=CCC=CCCCCCCCC(=O)OC(COC(=O)CCCCC=CCCCCCCCCCCC)COP(=O)(O)OCCN,[M-H]-,PE 18:1_18:2,"PE 18:1(6)_18:2(9,12)",0.574333333333333,0.7857266666666382,0.09823394355258248,0.21459315484206312,All,Some,26150.181671376668,0.0,21275.240403656353,24798.479928806795
9678,14.25,740.52429,740.52358,0.9587810828558961,C41H76NO8P,CCCCCCCCC=CCC=CCCCCC(=O)OC(COC(=O)CCCCC=CCCCCCCCCCCC)COP(=O)(O)OCCN,[M-H]-,PE 18:1_18:2,"PE 18:1(6)_18:2(6,9)",0.7495000000000003,0.8333024999999736,0.03847743407490083,0.18906219725991807,Some,Some,25184.981832862337,0.0,22357.56380400171,26314.9529788104
9678,14.25,740.52429,740.52358,0.9587810828558961,C41H76NO8P,CCCCCCCCC=CCC=CCCCCC(=O)OC(COC(=O)CCCCCCCCCC=CCCCCCC)COP(=O)(O)OCCN,[M-H]-,PE 18:1_18:2,"PE 18:1(11)_18:2(6,9)",0.9473333333333341,0.8704583333333176,0.0,0.1817791666666652,All,None,2132.4182478805005,0.0,1866.3086355211256,0.0
9678,14.25,740.52429,740.52358,0.9587810828558961,C41H76NO8P,CCCCCCCCC=CCC=CCCCCC(=O)OC(COC(=O)CCCCCCCC=CCCCCCCCC)COP(=O)(O)OCCN,[M-H]-,PE 18:1_18:2,"PE 18:1(9)_18:2(6,9)",0.9780000000000015,0.833569999999952,0.0,0.18115699999999535,Some,None,0.0,0.0,2553.6729876590152,1146.0470933448782
10195,14.465,828.57779,828.57601,2.1482639837151516,C44H82NO8P,CCC=CCC=CCC=CCCCCCCCCCC(=O)OC(COC(=O)CCCCCCCCCCCCCCC)COP(=O)([O-])OCC[N+](C)(C)C,[M+HCOO]-,PC 16:0_20:3,"PC 16:0_20:3(11,14,17)",0.617,0.4506450000000939,0.12728388377845282,0.20859160702277166,All,Some,116411.7267064894,0.0,0.0,134232.62417544014
10195,14.465,828.57779,828.57601,2.1482639837151516,C44H82NO8P,CCCCCC=CCC=CCC=CCCCCCCC(=O)OC(COC(=O)CCCCCCCCCCCCCCC)COP(=O)([O-])OCC[N+](C)(C)C,[M+HCOO]-,PC 16:0_20:3,"PC 16:0_20:3(8,11,14)",0.8833333333333329,0.9449733333333749,0.0,0.1828306666666708,All,None,40850.872086068164,0.0,0.0,59971.6045607444
10195,14.465,828.57779,828.57601,2.1482639837151516,C44H82NO8P,CCCCCCCCC=CCC=CCC=CCCCC(=O)OC(COC(=O)CCCCCCCCCCCCCCC)COP(=O)([O-])OCC[N+](C)(C)C,[M+HCOO]-,PC 16:0_20:3,"PC 16:0_20:3(5,8,11)",0.7909999999999998,0.7502683333333758,0.0,0.15412683333333757,All,None,17737.401207442443,0.0,0.0,19795.771263815474
10246,14.472,697.48152,697.48138,0.20072220437093438,C39H71O8P,CCCCCC=CCC=CCC=CCCCCCCC(=O)OC(COC(=O)CCCCCCCCCCCCCCC)COP(=O)(O)O,[M-H]-,PA 16:0_20:3,"PA 16:0_20:3(8,11,14)",0.7779999999999992,0.6549850000000106,0.09042590324120985,0.21563922259296886,All,Some,39347.935142882736,0.0,30335.478024467604,42604.93827160494
10246,14.472,697.48152,697.48138,0.20072220437093438,C39H71O8P,CCC=CCC=CCC=CCCCCCCCCCC(=O)OC(COC(=O)CCCCCCCCCCCCCCC)COP(=O)(O)O,[M-H]-,PA 16:0_20:3,"PA 16:0_20:3(11,14,17)",0.8233333333333341,0.9437066666666473,0.0,0.17670399999999817,All,None,22319.17943205232,0.0,14162.301767104667,20420.667581161408
10246,14.472,697.48152,697.48138,0.20072220437093438,C39H71O8P,CCCCCCCCC=CCC=CCC=CCCCC(=O)OC(COC(=O)CCCCCCCCCCCCCCC)COP(=O)(O)O,[M-H]-,PA 16:0_20:3,"PA 16:0_20:3(5,8,11)",0.619666666666666,0.6332866666666822,0.0,0.12529533333333484,All,None,303332.88542506495,0.0,272502.22020842775,342974.3941472337
10255,14.476,760.47721,760.51341,47.59942365777351,C40H76NO10P,CCCCCCCCC=CCCCCCCCC(=O)OC(COC(=O)CCCCCCCCCCCCCCC)COP(=O)(O)OCC(N)C(=O)O,[M-H]-,PS 16:0_18:1,PS 16:0_18:1(9),0.35799999999999876,0.5753349999999386,0.22596910149762842,0.2741087811980965,All,Some,249898.0891719745,199836.33387888706,96189.61133309118,67545.21098459477
10255,14.476,760.47721,760.51341,47.59942365777351,C40H76NO10P,CCCCCCCCCCCC=CCCCCC(=O)OC(COC(=O)CCCCCCCCCCCCCCC)COP(=O)(O)OCC(N)C(=O)O,[M-H]-,PS 16:0_18:1,PS 16:0_18:1(6),0.7769999999999992,0.7980550000000335,0.0,0.1575055000000033,All,None,0.0,68671.03109656302,9689.42971304032,0.0
10255,14.476,760.47721,760.51341,47.59942365777351,C40H76NO10P,CCCCCCC=CCCCCCCCCCC(=O)OC(COC(=O)CCCCCCCCCCCCCCC)COP(=O)(O)OCC(N)C(=O)O,[M-H]-,PS 16:0_18:1,PS 16:0_18:1(11),0.6219999999999999,0.8247949999999946,0.0,0.14467949999999946,All,None,253101.9108280255,249492.63502454993,379120.9589538685,347454.78901540523
10833,14.669,761.51015,761.57019,78.83711939942373,C42H83O9P,CCCCCCCCCCCCCCCC(=O)OC(COCCCCCCCCCCCCC=CCCCCCC)COP(=O)(O)OCC(O)CO,[M-H]-,PG O-20:1_16:0,PG O-20:1(13)_16:0,0.8309999999999995,0.8935549999999353,0.0,0.1724554999999935,All,None,0.0,47300.0,47400.0,25943.52363413137
10833,14.669,761.51015,761.57019,78.83711939942373,C42H83O9P,CCCCCCCCCCCCCCCC(=O)OC(COCCCCCCCCCCC=CCCCCCCCC)COP(=O)(O)OCC(O)CO,[M-H]-,PG O-20:1_16:0,PG O-20:1(11)_16:0,0.5859999999999985,0.8832449999999881,0.0,0.14692449999999865,All,None,0.0,0.0,0.0,11456.476365868632
10882,14.693,671.46621,671.46573,0.7148540552302971,C37H69O8P,CCCCCCCCC=CCC=CCCCCC(=O)OC(COC(=O)CCCCCCCCCCCCCCC)COP(=O)(O)O,[M-H]-,PA 16:0_18:2,"PA 16:0_18:2(6,9)",0.9714999999999998,0.961437500000045,0.0,0.19329375000000448,All,None,0.0,2934.97194593216,0.0,0.0
10882,14.693,671.46621,671.46573,0.7148540552302971,C37H69O8P,CCCCCC=CCC=CCCCCCCCC(=O)OC(COC(=O)CCCCCCCCCCCCCCC)COP(=O)(O)O,[M-H]-,PA 16:0_18:2,"PA 16:0_18:2(9,12)",0.7335000000000003,0.7037175000000389,0.03296731556771616,0.17009560245417685,All,Some,0.0,2755.02805406784,0.0,0.0
11220,14.858,790.53977,790.53923,0.6830780554696484,C45H78NO8P,CCC=CCC=CCC=CCC=CCC=CCC=CCCC(=O)OC(COC(=O)CCCCCCCCCCCCCCCCC)COP(=O)(O)OCCN,[M-H]-,PE 18:0_22:6,"PE 18:0_22:6(4,7,10,13,16,19)",0.7736363636363641,0.8314309090909133,0.10569823266332957,0.24506531340339144,All,Some,112000.0,109000.0,103000.0,114000.0
11703,15.041,716.52388,716.52358,0.41868824459998066,C39H76NO8P,CCCCCCC=CCCCCCCCCCC(=O)OC(COC(=O)CCCCCCCCCCCCCCC)COP(=O)(O)OCCN,[M-H]-,PE 16:0_18:1,PE 16:0_18:1(11),0.5840000000000014,0.9457899999999313,0.2008971819276143,0.3136967455420847,All,Some,89786.7154174284,61170.232558139534,77702.93609671848,87194.90131578947
11703,15.041,716.52388,716.52358,0.41868824459998066,C39H76NO8P,CCCCCCCCCCCC=CCCCCC(=O)OC(COC(=O)CCCCCCCCCCCCCCC)COP(=O)(O)OCCN,[M-H]-,PE 16:0_18:1,PE 16:0_18:1(6),0.7530000000000001,0.8633400000000506,0.059224547621990184,0.20901363809759724,All,Some,16213.284582571605,24229.767441860462,32297.063903281516,7633.223684210527
11703,15.041,716.52388,716.52358,0.41868824459998066,C39H76NO8P,CCCCCCCCC=CCCCCCCCC(=O)OC(COC(=O)CCCCCCCCCCCCCCC)COP(=O)(O)OCCN,[M-H]-,PE 16:0_18:1,PE 16:0_18:1(9),0.9510000000000005,0.9046449999999595,0.0,0.18556449999999602,All,None,0.0,0.0,0.0,24171.875
11978,15.196,766.53942,766.53923,0.24786728785563067,C43H78NO8P,CCCCCC=CCC=CCC=CCC=CCCCC(=O)OC(COC(=O)CCCCCCCCCCCCCCCCC)COP(=O)(O)OCCN,[M-H]-,PE 18:0_20:4,"PE 18:0_20:4(5,8,11,14)",0.9671428571428565,0.8849814285714014,0.12470353972775308,0.2849752603536283,All,Some,485544.21768707485,370340.2096719648,442044.6517827391,465660.6097936557
11978,15.196,766.53942,766.53923,0.24786728785563067,C43H78NO8P,CCC=CCC=CCC=CCC=CCCCCCCC(=O)OC(COC(=O)CCCCCCCCCCCCCCCCC)COP(=O)(O)OCCN,[M-H]-,PE 18:0_20:4,"PE 18:0_20:4(8,11,14,17)",0.7816666666666668,0.9244366666666602,0.0,0.17061033333333273,All,Some,14455.782312925172,72659.79032803517,21955.348217260915,59339.39020634432
12239,15.289,705.46838,705.50759,55.57700662019171,C38H75O9P,CCCCCCCCCCCCCCCC(=O)OC(COCCCCCCCCC=CCCCCCC)COP(=O)(O)OCC(O)CO,[M-H]-,PG O-16:1_16:0,PG O-16:1(9)_16:0,0.5840000000000014,0.9670249999999783,0.0,0.15510249999999798,All,None,63606.326889279444,36021.71552660152,33996.25935162095,43276.2824936738
12239,15.289,705.46838,705.50759,55.57700662019171,C38H75O9P,CCCCCCCCCCCCCCCC(=O)OC(COCCCCCC=CCCCCCCCCC)COP(=O)(O)OCC(O)CO,[M-H]-,PG O-16:1_16:0,PG O-16:1(6)_16:0,0.4820000000000011,0.5449450000000411,0.04042286790952155,0.13503279432762147,All,Some,9622.49560632689,6583.279044516829,4643.391521197008,13456.084656084655
12239,15.289,705.46838,705.50759,55.57700662019171,C38H75O9P,CCCCCCCCCCCCCCCC(=O)OC(COCCCCCCC=CCCCCCCCC)COP(=O)(O)OCC(O)CO,[M-H]-,PG O-16:1_16:0,PG O-16:1(7)_16:0,0.38700000000000045,0.9562750000000051,0.0,0.13432750000000054,All,None,19571.177504393672,14595.00542888165,18360.349127182046,18067.632850241545
12276,15.297,673.48124,673.48138,0.20787508629799759,C37H71O8P,CCCCCCCCC=CCCCCCCCC(=O)OC(COC(=O)CCCCCCCCCCCCCCC)COP(=O)(O)O,[M-H]-,PA 16:0_18:1,PA 16:0_18:1(9),0.9659999999999993,0.9047199999999975,0.0,0.18707199999999968,All,None,120722.3382045929,145418.46873173583,171290.77117572693,131107.35418427727
12276,15.297,673.48124,673.48138,0.20787508629799759,C37H71O8P,CCCCCCCCCCCC=CCCCCC(=O)OC(COC(=O)CCCCCCCCCCCCCCC)COP(=O)(O)O,[M-H]-,PA 16:0_18:1,PA 16:0_18:1(6),0.7209999999999983,0.9270649999999137,0.0,0.1648064999999912,All,None,16235.07306889353,47570.621468926554,192020.22756005058,0.0
12276,15.297,673.48124,673.48138,0.20787508629799759,C37H71O8P,CCCCCCC=CCCCCCCCCCC(=O)OC(COC(=O)CCCCCCCCCCCCCCC)COP(=O)(O)O,[M-H]-,PA 16:0_18:1,PA 16:0_18:1(11),0.6990000000000016,0.9317149999999401,0.0,0.1630714999999942,All,None,860042.5887265136,228010.90979933762,499689.00126422255,968892.6458157226
12281,15.297,767.45868,767.46573,9.186077924351482,C45H69O8P,CCC=CCC=CCC=CCC=CCC=CCC=CCCC(=O)OC(COC(=O)CCCC=CCC=CCC=CCC=CCCCCC)COP(=O)(O)O,[M-H]-,PA 20:4_22:6,"PA 20:4(5,8,11,14)_22:6(4,7,10,13,16,19)",0.8530909090909085,0.751058181818187,0.15226614861581703,0.2822278279835632,Some,Some,63802.49317991423,80415.11504404005,66853.35996470935,70056.69896404995
12281,15.297,767.45868,767.46573,9.186077924351482,C45H69O8P,CCC=CCC=CCC=CCC=CCC=CCC=CCCC(=O)OC(COC(=O)CCCCCCC=CCC=CCC=CCC=CCC)COP(=O)(O)O,[M-H]-,PA 20:4_22:6,"PA 20:4(8,11,14,17)_22:6(4,7,10,13,16,19)",0.8105714285714279,0.880114285714285,0.046485009350399085,0.20625657890889057,Some,Some,48197.50682008577,66584.88495595993,54146.64003529066,57943.30103595004
12282,15.297,835.54583,835.5342,13.91923873369669,C43H81O13P,CCCCCCC=CCCCCCCCCCC(=O)OC(COC(=O)CCCCCCCCCCCCCCC)COP(=O)(O)OC1C(O)C(O)C(O)C(O)C1O,[M-H]-,PI 16:0_18:1,PI 16:0_18:1(11),0.8559999999999981,0.8884699999999839,0.5799207465378985,0.638383597230317,All,All,12088.652482269503,0.0,20258.225324027913,0.0
12282,15.297,835.54583,835.5342,13.91923873369669,C43H81O13P,CCCCCCCCC=CCCCCCCCC(=O)OC(COC(=O)CCCCCCCCCCCCCCC)COP(=O)(O)OC1C(O)C(O)C(O)C(O)C1O,[M-H]-,PI 16:0_18:1,PI 16:0_18:1(9),0.4060000000000006,0.17597000000000662,0.381086737040243,0.3630663896321952,All,All,0.0,0.0,0.0,7684.496185007474
12282,15.297,835.54583,835.5342,13.91923873369669,C43H81O13P,CCCCCCCCCCCC=CCCCCC(=O)OC(COC(=O)CCCCCCCCCCCCCCC)COP(=O)(O)OC1C(O)C(O)C(O)C(O)C1O,[M-H]-,PI 16:0_18:1,PI 16:0_18:1(6),0.8000000000000007,0.5404300000000148,0.06263810176696544,0.1841534814135739,All,Some,474911.34751773044,495000.0,500741.77467597206,455315.50381499255
12296,15.301,699.49706,699.49703,0.042887959135357756,C39H73O8P,CCCCCCCCC=CCCCCCCCC(=O)OC(COC(=O)CCCCCCCC=CCCCCCCCC)COP(=O)(O)O,[M-H]-,PA 18:1_18:1,PA 18:1(9)_18:1(9),0.9860000000000007,0.904655000000048,0.0,0.18906550000000488,All,None,47775.0,67672.54928375769,73775.75757575758,60161.34289439375
12296,15.301,699.49706,699.49703,0.042887959135357756,C39H73O8P,CCCCCCCCC=CCCCCCCCC(=O)OC(COC(=O)CCCCC=CCCCCCCCCCCC)COP(=O)(O)O,[M-H]-,PA 18:1_18:1,PA 18:1(6)_18:1(9),0.8905000000000003,0.8785350000000278,0.0,0.17690350000000282,All,None,67447.05882352941,67672.54928375769,73775.75757575758,87033.40938722294
12296,15.301,699.49706,699.49703,0.042887959135357756,C39H73O8P,CCCCCCCCCCCC=CCCCCC(=O)OC(COC(=O)CCCCC=CCCCCCCCCCCC)COP(=O)(O)O,[M-H]-,PA 18:1_18:1,PA 18:1(6)_18:1(6),0.7949999999999999,0.8524150000000077,0.0,0.16474150000000076,All,None,78327.94117647059,73333.33333333333,86333.33333333333,80127.9335071708
12296,15.301,699.49706,699.49703,0.042887959135357756,C39H73O8P,CCCCCCCCC=CCCCCCCCC(=O)OC(COC(=O)CCCCCCCCCC=CCCCCCC)COP(=O)(O)O,[M-H]-,PA 18:1_18:1,PA 18:1(11)_18:1(9),0.6000000000000005,0.929660000000041,0.0,0.15296600000000415,All,None,19672.058823529413,0.0,0.0,26872.066492829203
12296,15.301,699.49706,699.49703,0.042887959135357756,C39H73O8P,CCCCCCCCCCCC=CCCCCC(=O)OC(COC(=O)CCCCCCCCCC=CCCCCCC)COP(=O)(O)O,[M-H]-,PA 18:1_18:1,PA 18:1(11)_18:1(6),0.5045000000000002,0.9035400000000209,0.0,0.1408040000000021,All,None,50225.0,5660.784049575644,12557.575757575758,46838.65710560626
12296,15.301,699.49706,699.49703,0.042887959135357756,C39H73O8P,CCCCCCC=CCCCCCCCCCC(=O)OC(COC(=O)CCCCCCCCCC=CCCCCCC)COP(=O)(O)O,[M-H]-,PA 18:1_18:1,PA 18:1(11)_18:1(11),0.2140000000000004,0.9546650000000341,0.0,0.11686650000000345,All,None,30552.94117647059,5660.784049575644,12557.575757575758,19966.590612777054
12318,15.305,804.57642,804.57601,0.5095851664630556,C42H82NO8P,CCCCCCCCC=CCCCCCCCC(=O)OC(COC(=O)CCCCCCCCCCCCCCC)COP(=O)([O-])OCC[N+](C)(C)C,[M+HCOO]-,PC 16:0_18:1,PC 16:0_18:1(9),0.8609999999999989,0.8881549999999834,0.2147095584603362,0.3466831467682672,All,Some,0.0,0.0,64557.46140651801,307915.8593966233
12318,15.305,804.57642,804.57601,0.5095851664630556,C42H82NO8P,CCCCCCCCCCCC=CCCCCC(=O)OC(COC(=O)CCCCCCCCCCCCCCC)COP(=O)([O-])OCC[N+](C)(C)C,[M+HCOO]-,PC 16:0_18:1,PC 16:0_18:1(6),0.8599999999999994,0.8894699999999602,0.0,0.17494699999999597,All,None,271428.5714285714,0.0,233888.5077186964,398906.7257127041
12318,15.305,804.57642,804.57601,0.5095851664630556,C42H82NO8P,CCCCCCC=CCCCCCCCCCC(=O)OC(COC(=O)CCCCCCCCCCCCCCC)COP(=O)([O-])OCC[N+](C)(C)C,[M+HCOO]-,PC 16:0_18:1,PC 16:0_18:1(11),0.44599999999999795,0.8376299999999901,0.0,0.1283629999999988,All,None,318571.4285714286,265000.0,318554.0308747857,543177.4148906725
12590,15.438,808.55161,808.51341,47.24720645012024,C44H76NO10P,CCC=CCC=CCC=CCC=CCCCCCCC(=O)OC(COC(=O)CCCCCCCC=CCCCCCCCC)COP(=O)(O)OCC(N)C(=O)O,[M-H]-,PS 18:1_20:4,"PS 18:1(9)_20:4(8,11,14,17)",0.572000000000001,0.8341149999999828,0.34602919653232433,0.4174348572258578,Some,Some,53887.24917719504,70619.25041037438,0.0,50551.589754531735
12590,15.438,808.55161,808.51341,47.24720645012024,C44H76NO10P,CCC=CCC=CCC=CCC=CCCCCCCC(=O)OC(COC(=O)CCCCCCCCCC=CCCCCCC)COP(=O)(O)OCC(N)C(=O)O,[M-H]-,PS 18:1_20:4,"PS 18:1(11)_20:4(8,11,14,17)",0.5630000000000003,0.7581989999999905,0.31732543055293794,0.3859802444423494,All,Some,21079.467034717058,15826.198367778277,0.0,14251.185295123583
12590,15.438,808.55161,808.51341,47.24720645012024,C44H76NO10P,CCC=CCC=CCC=CCC=CCCCCCCC(=O)OC(COC(=O)CCCCC=CCCCCCCCCCCC)COP(=O)(O)OCC(N)C(=O)O,[M-H]-,PS 18:1_20:4,"PS 18:1(6)_20:4(8,11,14,17)",0.5590000000000006,0.8223299999999796,0.29518072792295347,0.37427758233836084,Some,Some,50506.47627136639,68888.48914309188,0.0,47516.89535828703
12590,15.438,808.55161,808.51341,47.24720645012024,C44H76NO10P,CCCCCC=CCC=CCC=CCC=CCCCC(=O)OC(COC(=O)CCCCCCCC=CCCCCCCCC)COP(=O)(O)OCC(N)C(=O)O,[M-H]-,PS 18:1_20:4,"PS 18:1(9)_20:4(5,8,11,14)",0.8150000000000008,0.7959049999999905,0.1991197594033526,0.32038630752268127,Some,Some,17057.70251619068,14441.170283427497,0.0,11631.94821413443
12590,15.438,808.55161,808.51341,47.24720645012024,C44H76NO10P,CCCCCC=CCC=CCC=CCC=CCCCC(=O)OC(COC(=O)CCCCCCCCCC=CCCCCCC)COP(=O)(O)OCC(N)C(=O)O,[M-H]-,PS 18:1_20:4,"PS 18:1(11)_20:4(5,8,11,14)",0.7868000000000006,0.7172280000000001,0.19979788084976052,0.31024110467980853,All,Some,52392.82301730545,71025.74881939717,0.0,48651.33653595736
12590,15.438,808.55161,808.51341,47.24720645012024,C44H76NO10P,CCCCCC=CCC=CCC=CCC=CCCCC(=O)OC(COC(=O)CCCCC=CCCCCCCCCCCC)COP(=O)(O)OCC(N)C(=O)O,[M-H]-,PS 18:1_20:4,"PS 18:1(6)_20:4(5,8,11,14)",0.7210000000000005,0.7828249999999883,0.1482712907939818,0.26899953263518434,Some,Some,12076.281983225397,12199.142975930774,0.0,9397.044841965882
12629,15.449,742.53943,742.53923,0.26934603854328715,C41H78NO8P,CCCCCC=CCC=CCCCCCCCC(=O)OC(COC(=O)CCCCCCCCCCCCCCCCC)COP(=O)(O)OCCN,[M-H]-,PE 18:0_18:2,"PE 18:0_18:2(9,12)",0.9070000000000009,0.9312725000000626,0.12810477052733246,0.2863110664218723,All,Some,95880.31338556425,78823.87210405093,90542.50210406455,100983.75870069607
12629,15.449,742.53943,742.53923,0.26934603854328715,C41H78NO8P,CCCCCCCCC=CCC=CCCCCC(=O)OC(COC(=O)CCCCCCCCCCCCCCCCC)COP(=O)(O)OCCN,[M-H]-,PE 18:0_18:2,"PE 18:0_18:2(6,9)",0.6095000000000006,0.8748575000000756,0.11001647714547658,0.23644893171638892,All,Some,326119.68661443575,275176.12789594906,321457.4978959355,367016.24129930395
12714,15.465,723.49629,723.49703,1.0228100037268557,C41H73O8P,CCCCCC=CCC=CCC=CCC=CCCCC(=O)OC(COC(=O)CCCCCCCCCCCCCCCCC)COP(=O)(O)O,[M-H]-,PA 18:0_20:4,"PA 18:0_20:4(5,8,11,14)",0.8107500000000001,0.9207362500000613,0.0,0.17314862500000616,All,None,60145.27442526794,22764.912049107286,35773.05055836256,122184.33931484501
12714,15.465,723.49629,723.49703,1.0228100037268557,C41H73O8P,CCC=CCC=CCC=CCC=CCCCCCCC(=O)OC(COC(=O)CCCCCCCCCCCCCCCCC)COP(=O)(O)O,[M-H]-,PA 18:0_20:4,"PA 18:0_20:4(8,11,14,17)",0.7224999999999997,0.9419150000000087,0.0,0.16644150000000085,All,None,152854.72557473203,42335.08795089271,116226.94944163745,119815.66068515497
12713,15.465,804.48689,804.57601,110.76641472317809,C42H82NO8P,CCCCCCCCC=CCCCCCCCC(=O)OC(COC(=O)CCCCCCCCCCCCCCC)COP(=O)([O-])OCC[N+](C)(C)C,[M+HCOO]-,PC 16:0_18:1,PC 16:0_18:1(9),0.8480000000000008,0.816250000000025,0.24232964582193758,0.3602887166575527,All,Some,17634.101512795136,0.0,93725.90011614401,27670.041691483028
12713,15.465,804.48689,804.57601,110.76641472317809,C42H82NO8P,CCCCCCCCCCCC=CCCCCC(=O)OC(COC(=O)CCCCCCCCCCCCCCC)COP(=O)([O-])OCC[N+](C)(C)C,[M+HCOO]-,PC 16:0_18:1,PC 16:0_18:1(6),0.9499999999999993,0.7824400000000082,0.0,0.17324400000000076,All,None,84327.72515198644,0.0,51056.91056910569,90160.81000595592
12713,15.465,804.48689,804.57601,110.76641472317809,C42H82NO8P,CCCCCCC=CCCCCCCCCCC(=O)OC(COC(=O)CCCCCCCCCCCCCCC)COP(=O)([O-])OCC[N+](C)(C)C,[M+HCOO]-,PC 16:0_18:1,PC 16:0_18:1(11),0.8109999999999982,0.7808550000000309,0.0,0.15918550000000292,All,None,200038.1733352184,348000.0,169217.18931475029,143169.14830256105
12746,15.474,854.59216,854.59166,0.5850747478487872,C46H84NO8P,CCC=CCC=CCC=CCC=CCCCCCCC(=O)OC(COC(=O)CCCCCCCCCCCCCCCCC)COP(=O)([O-])OCC[N+](C)(C)C,[M+HCOO]-,PC 18:0_20:4,"PC 18:0_20:4(8,11,14,17)",0.732285714285714,0.38323285714285965,0.40875304930864115,0.4385542965897703,All,Some,31841.66373637414,0.0,28594.183111993712,59059.35124624358
12746,15.474,854.59216,854.59166,0.5850747478487872,C46H84NO8P,CCCCCC=CCC=CCC=CCC=CCCCC(=O)OC(COC(=O)CCCCCCCCCCCCCCCCC)COP(=O)([O-])OCC[N+](C)(C)C,[M+HCOO]-,PC 18:0_20:4,"PC 18:0_20:4(5,8,11,14)",0.8039999999999994,0.8951975000000516,0.012930390349839291,0.18026406227987654,All,Some,141158.33626362585,0.0,86405.81688800629,145940.6487537564
12785,15.481,786.49292,786.52906,45.94871548666253,C42H78NO10P,CCCCCCCCC=CCC=CCCCCC(=O)OC(COC(=O)CCCCCCCCCCCCCCCCC)COP(=O)(O)OCC(N)C(=O)O,[M-H]-,PS 18:0_18:2,"PS 18:0_18:2(6,9)",0.9295,0.8245675000000858,0.0,0.1754067500000086,All,None,51140.00900883257,18119.999999999996,8941.216330679315,61154.938085170645
12785,15.481,786.49292,786.52906,45.94871548666253,C42H78NO10P,CCCCCC=CCC=CCCCCCCCC(=O)OC(COC(=O)CCCCCCCCCCCCCCCCC)COP(=O)(O)OCC(N)C(=O)O,[M-H]-,PS 18:0_18:2,"PS 18:0_18:2(9,12)",0.7885,0.9031500000000108,0.0,0.1691650000000011,All,None,274859.99099116743,276880.0,368058.7836693207,165845.06191482936
12802,15.485,787.49847,787.58584,110.93393959439955,C44H85O9P,CCCCCCCCCCCCCCCCCC(=O)OC(COCCCCCCCC=CCC=CCCCCCCCC)COP(=O)(O)OCC(O)CO,[M-H]-,PG O-20:2_18:0,"PG O-20:2(8,11)_18:0",0.8390000000000004,0.8704750000000274,0.0,0.1709475000000028,All,None,19549.02363823227,50989.09090909091,64950.52331113225,29222.93862368258
12802,15.485,787.49847,787.58584,110.93393959439955,C44H85O9P,CCCCCCCCCCCCCCCCCC(=O)OC(COCCCCCCCCCCC=CCC=CCCCCC)COP(=O)(O)OCC(O)CO,[M-H]-,PG O-20:2_18:0,"PG O-20:2(11,14)_18:0",0.8895,0.709027500000019,0.0,0.1598527500000019,All,None,29950.976361767727,17410.909090909092,11749.476688867744,11377.06137631742
12821,15.493,818.60328,818.59166,14.195111638437073,C42H82NO8P,CCCCCCCCC=CCCCCCCCC(=O)OC(COC(=O)CCCCCCCCCCCCCCC)COP(=O)([O-])OCC[N+](C)(C)C,[M+CH3COO]-,PC 16:0_18:1,PC 16:0_18:1(9),0.629999999999999,0.8584400000000301,0.2852643944801799,0.37705551558414685,All,All,0.0,116849.56955142727,91314.2956040152,77366.35354397951
12821,15.493,818.60328,818.59166,14.195111638437073,C42H82NO8P,CCCCCCC=CCCCCCCCCCC(=O)OC(COC(=O)CCCCCCCCCCCCCCC)COP(=O)([O-])OCC[N+](C)(C)C,[M+CH3COO]-,PC 16:0_18:1,PC 16:0_18:1(11),0.9980000000000011,0.9939800000000787,0.0,0.19919800000000798,All,None,0.0,0.0,90210.79958463136,56023.911187019636
12821,15.493,818.60328,818.59166,14.195111638437073,C42H82NO8P,CCCCCCCCCCCC=CCCCCC(=O)OC(COC(=O)CCCCCCCCCCCCCCC)COP(=O)([O-])OCC[N+](C)(C)C,[M+CH3COO]-,PC 16:0_18:1,PC 16:0_18:1(6),0.9169999999999998,0.8820700000001125,0.0,0.17990700000001125,All,None,812000.0,814150.4304485727,615474.9048113533,647609.7352690008
12868,15.507,784.54998,784.51341,46.61488195591626,C42H76NO10P,CCCCCCCCC=CCC=CCCCCC(=O)OC(COC(=O)CCCCC=CCCCCCCCCCCC)COP(=O)(O)OCC(N)C(=O)O,[M-H]-,PS 18:1_18:2,"PS 18:1(6)_18:2(6,9)",0.7525000000000004,0.8601425000000233,0.13037296873169082,0.26556262498535504,Some,Some,0.0,3246.659113357736,8154.129424383269,0.0
12868,15.507,784.54998,784.51341,46.61488195591626,C42H76NO10P,CCCCCC=CCC=CCCCCCCCC(=O)OC(COC(=O)CCCCC=CCCCCCCCCCCC)COP(=O)(O)OCC(N)C(=O)O,[M-H]-,PS 18:1_18:2,"PS 18:1(6)_18:2(9,12)",0.7886666666666665,0.8894266666667173,0.08691531248779388,0.23734158332357347,All,Some,0.0,0.0,1414.4440471934215,0.0
12868,15.507,784.54998,784.51341,46.61488195591626,C42H76NO10P,CCCCCC=CCC=CCCCCCCCC(=O)OC(COC(=O)CCCCCCCC=CCCCCCCCC)COP(=O)(O)OCC(N)C(=O)O,[M-H]-,PS 18:1_18:2,"PS 18:1(9)_18:2(9,12)",0.9045000000000005,0.9290225000000305,0.0,0.1833522500000031,Some,None,0.0,3381.630933705188,7674.0614944583485,0.0
12868,15.507,784.54998,784.51341,46.61488195591626,C42H76NO10P,CCCCCC=CCC=CCCCCCCCC(=O)OC(COC(=O)CCCCCCCCCC=CCCCCCC)COP(=O)(O)OCC(N)C(=O)O,[M-H]-,PS 18:1_18:2,"PS 18:1(11)_18:2(9,12)",0.8887999999999998,0.9271360000000414,0.0,0.18159360000000413,All,Some,0.0,964.4616814827724,2566.6070790132285,0.0
12868,15.507,784.54998,784.51341,46.61488195591626,C42H76NO10P,CCCCCCCCC=CCC=CCCCCC(=O)OC(COC(=O)CCCCCCCCCC=CCCCCCC)COP(=O)(O)OCC(N)C(=O)O,[M-H]-,PS 18:1_18:2,"PS 18:1(11)_18:2(6,9)",0.8864000000000004,0.8807900000000245,0.0,0.1767190000000025,All,Some,0.0,1169.2667480099938,1487.03968537719,0.0
12868,15.507,784.54998,784.51341,46.61488195591626,C42H76NO10P,CCCCCCCCC=CCC=CCCCCC(=O)OC(COC(=O)CCCCCCCC=CCCCCCCCC)COP(=O)(O)OCC(N)C(=O)O,[M-H]-,PS 18:1_18:2,"PS 18:1(9)_18:2(6,9)",0.8940000000000001,0.8696750000000293,0.0,0.17636750000000295,Some,None,0.0,1337.9815234443086,4903.718269574545,0.0
12993,15.55,787.49811,787.58584,111.3910326269515,C44H85O9P,CCCCCCCCCCCCCCCCCC(=O)OC(COCCCCCCCC=CCC=CCCCCCCCC)COP(=O)(O)OCC(O)CO,[M-H]-,PG O-20:2_18:0,"PG O-20:2(8,11)_18:0",0.8365000000000009,0.8606450000000336,0.0,0.16971450000000346,All,None,0.0,21161.290322580644,0.0,3940.1944894651538
12993,15.55,787.49811,787.58584,111.3910326269515,C44H85O9P,CCCCCCCCCCCCCCCCCC(=O)OC(COCCCCCCCCCCC=CCC=CCCCCC)COP(=O)(O)OCC(O)CO,[M-H]-,PG O-20:2_18:0,"PG O-20:2(11,14)_18:0",0.8399999999999999,0.7086225000000184,0.0,0.15486225000000184,All,None,0.0,28038.709677419356,0.0,28259.805510534843
13056,15.578,804.57675,804.57601,0.9197390808988563,C42H82NO8P,CCCCCCCCC=CCCCCCCCC(=O)OC(COC(=O)CCCCCCCCCCCCCCC)COP(=O)([O-])OCC[N+](C)(C)C,[M+HCOO]-,PC 16:0_18:1,PC 16:0_18:1(9),0.6480000000000015,0.8882449999999267,0.24821968688324078,0.35220024950658546,All,Some,0.0,0.0,0.0,0.0
13056,15.578,804.57675,804.57601,0.9197390808988563,C42H82NO8P,CCCCCCC=CCCCCCCCCCC(=O)OC(COC(=O)CCCCCCCCCCCCCCC)COP(=O)([O-])OCC[N+](C)(C)C,[M+HCOO]-,PC 16:0_18:1,PC 16:0_18:1(11),0.9550000000000001,0.8707149999999615,0.0,0.18257149999999617,All,None,0.0,0.0,0.0,0.0
13056,15.578,804.57675,804.57601,0.9197390808988563,C42H82NO8P,CCCCCCCCCCCC=CCCCCC(=O)OC(COC(=O)CCCCCCCCCCCCCCC)COP(=O)([O-])OCC[N+](C)(C)C,[M+HCOO]-,PC 16:0_18:1,PC 16:0_18:1(6),0.8450000000000006,0.8722750000000019,0.0,0.17172750000000025,All,None,0.0,53800.0,0.0,0.0
13413,15.767,699.49714,699.49703,0.15725584989210087,C39H73O8P,CCCCCC=CCC=CCCCCCCCC(=O)OC(COC(=O)CCCCCCCCCCCCCCCCC)COP(=O)(O)O,[M-H]-,PA 18:0_18:2,"PA 18:0_18:2(9,12)",0.7895000000000012,0.7333074999999951,0.15578424261730742,0.27690814409384557,All,Some,203763.660364905,100657.30337078651,304620.11418533156,291653.16400262754
13413,15.767,699.49714,699.49703,0.15725584989210087,C39H73O8P,CCCCCCCCC=CCC=CCCCCC(=O)OC(COC(=O)CCCCCCCCCCCCCCCCC)COP(=O)(O)O,[M-H]-,PA 18:0_18:2,"PA 18:0_18:2(6,9)",0.7340000000000005,0.8972699999999728,0.0,0.16312699999999736,Some,None,627236.3396350951,186342.6966292135,573379.8858146685,798346.8359973725
13452,15.775,784.54962,784.51341,46.15599878653796,C42H76NO10P,CCCCCCCCC=CCC=CCCCCC(=O)OC(COC(=O)CCCCC=CCCCCCCCCCCC)COP(=O)(O)OCC(N)C(=O)O,[M-H]-,PS 18:1_18:2,"PS 18:1(6)_18:2(6,9)",0.8986666666666672,0.8418766666667352,0.2060659274664567,0.3389070753065056,Some,Some,52778.29433732185,34608.838626884826,46444.01300343146,46712.64847386468
13452,15.775,784.54962,784.51341,46.15599878653796,C42H76NO10P,CCCCCC=CCC=CCCCCCCCC(=O)OC(COC(=O)CCCCC=CCCCCCCCCCCC)COP(=O)(O)OCC(N)C(=O)O,[M-H]-,PS 18:1_18:2,"PS 18:1(6)_18:2(9,12)",0.9186666666666673,0.8776733333333672,0.10303296373322834,0.26206037098658613,All,Some,126074.23214694,82438.24189926211,111312.62416471014,96567.01044369402
13452,15.775,784.54962,784.51341,46.15599878653796,C42H76NO10P,CCCCCC=CCC=CCCCCCCCC(=O)OC(COC(=O)CCCCCCCC=CCCCCCCCC)COP(=O)(O)OCC(N)C(=O)O,[M-H]-,PS 18:1_18:2,"PS 18:1(9)_18:2(9,12)",0.9699999999999998,0.8954700000000173,0.0,0.1865470000000017,Some,None,39958.84460025912,34895.73307667629,32753.070254650538,25838.820292840657
13452,15.775,784.54962,784.51341,46.15599878653796,C42H76NO10P,CCCCCC=CCC=CCCCCCCCC(=O)OC(COC(=O)CCCCCCCCCC=CCCCCCC)COP(=O)(O)OCC(N)C(=O)O,[M-H]-,PS 18:1_18:2,"PS 18:1(11)_18:2(9,12)",0.9456666666666665,0.9051066666666733,0.0,0.18507733333333398,All,None,113254.78240987728,85892.68527430222,97621.6814159292,77220.2302567245
13452,15.775,784.54962,784.51341,46.15599878653796,C42H76NO10P,CCCCCCCCC=CCC=CCCCCC(=O)OC(COC(=O)CCCCCCCC=CCCCCCCCC)COP(=O)(O)OCC(N)C(=O)O,[M-H]-,PS 18:1_18:2,"PS 18:1(9)_18:2(6,9)",0.9299999999999997,0.8665800000000559,0.0,0.17965800000000556,Some,None,9100.830729365141,3167.548925248637,0.0,7426.626856330756
13452,15.775,784.54962,784.51341,46.15599878653796,C42H76NO10P,CCCCCCCCC=CCC=CCCCCC(=O)OC(COC(=O)CCCCCCCCCC=CCCCCCC)COP(=O)(O)OCC(N)C(=O)O,[M-H]-,PS 18:1_18:2,"PS 18:1(11)_18:2(6,9)",0.9059999999999995,0.8836820000000216,0.0,0.17896820000000213,All,None,86833.01577623657,50996.95219762592,64868.61116127866,66234.66367654537
13480,15.783,786.56488,786.52906,45.54186465794146,C42H78NO10P,CCCCCC=CCC=CCCCCCCCC(=O)OC(COC(=O)CCCCCCCCCCCCCCCCC)COP(=O)(O)OCC(N)C(=O)O,[M-H]-,PS 18:0_18:2,"PS 18:0_18:2(9,12)",0.9829999999999988,0.9305950000000109,0.0,0.19135950000000096,All,None,81835.24504692387,43867.28547447418,27873.07132459971,74564.70911841563
13480,15.783,786.56488,786.52906,45.54186465794146,C42H78NO10P,CCCCCCCCC=CCC=CCCCCC(=O)OC(COC(=O)CCCCCCCCCCCCCCCCC)COP(=O)(O)OCC(N)C(=O)O,[M-H]-,PS 18:0_18:2,"PS 18:0_18:2(6,9)",0.6044999999999998,0.8784200000000624,0.0,0.14829200000000622,All,None,62164.75495307612,36032.71452552582,46926.92867540029,69435.29088158438
13663,15.826,784.47837,784.51341,44.66462848605846,C42H76NO10P,CCCCCCCCC=CCC=CCCCCC(=O)OC(COC(=O)CCCCC=CCCCCCCCCCCC)COP(=O)(O)OCC(N)C(=O)O,[M-H]-,PS 18:1_18:2,"PS 18:1(6)_18:2(6,9)",0.8485000000000005,0.7781350000001055,0.15604738420323824,0.2875014073626012,Some,Some,20742.419948994047,5111.009890681937,0.0,0.0
13663,15.826,784.47837,784.51341,44.66462848605846,C42H76NO10P,CCCCCC=CCC=CCCCCCCCC(=O)OC(COC(=O)CCCCC=CCCCCCCCCCCC)COP(=O)(O)OCC(N)C(=O)O,[M-H]-,PS 18:1_18:2,"PS 18:1(6)_18:2(9,12)",0.9253333333333345,0.8123300000000692,0.1040315894688255,0.25699160490840073,All,Some,36679.51260980448,3801.535658511192,0.0,0.0
13663,15.826,784.47837,784.51341,44.66462848605846,C42H76NO10P,CCCCCCCCC=CCC=CCCCCC(=O)OC(COC(=O)CCCCCCCC=CCCCCCCCC)COP(=O)(O)OCC(N)C(=O)O,[M-H]-,PS 18:1_18:2,"PS 18:1(9)_18:2(6,9)",0.9699999999999989,0.7948850000000789,0.0,0.17648850000000776,Some,None,16351.94105979031,4364.914107235814,0.0,0.0
13663,15.826,784.47837,784.51341,44.66462848605846,C42H76NO10P,CCCCCC=CCC=CCCCCCCCC(=O)OC(COC(=O)CCCCCCCC=CCCCCCCCC)COP(=O)(O)OCC(N)C(=O)O,[M-H]-,PS 18:1_18:2,"PS 18:1(9)_18:2(9,12)",0.9270000000000005,0.8329075000000614,0.0,0.1759907500000062,Some,None,32289.033720600735,4100.9890681936495,0.0,0.0
13663,15.826,784.47837,784.51341,44.66462848605846,C42H76NO10P,CCCCCC=CCC=CCCCCCCCC(=O)OC(COC(=O)CCCCCCCCCC=CCCCCCC)COP(=O)(O)OCC(N)C(=O)O,[M-H]-,PS 18:1_18:2,"PS 18:1(11)_18:2(9,12)",0.9026666666666673,0.8397800000000567,0.0,0.1742446666666724,All,None,0.0,1045.549193128579,0.0,0.0
13663,15.826,784.47837,784.51341,44.66462848605846,C42H76NO10P,CCCCCCCCC=CCC=CCCCCC(=O)OC(COC(=O)CCCCCCCCCC=CCCCCCC)COP(=O)(O)OCC(N)C(=O)O,[M-H]-,PS 18:1_18:2,"PS 18:1(11)_18:2(6,9)",0.844,0.802828333333404,0.0,0.1646828333333404,All,None,15937.092660810427,1076.0020822488286,0.0,0.0
14512,16.236,725.51218,725.51268,0.6891678310872023,C41H75O8P,CCCCCC=CCC=CCC=CCCCCCCC(=O)OC(COC(=O)CCCCCCCCCCCCCCCCC)COP(=O)(O)O,[M-H]-,PA 18:0_20:3,"PA 18:0_20:3(8,11,14)",0.8893333333333343,0.9080133333332961,0.0,0.17973466666666305,All,None,56117.81281449178,0.0,3943.1614115681773,34950.72817091166
14512,16.236,725.51218,725.51268,0.6891678310872023,C41H75O8P,CCC=CCC=CCC=CCCCCCCCCCC(=O)OC(COC(=O)CCCCCCCCCCCCCCCCC)COP(=O)(O)O,[M-H]-,PA 18:0_20:3,"PA 18:0_20:3(11,14,17)",0.6970000000000004,0.9367716666666676,0.0,0.16337716666666682,All,None,47999.59745051996,0.0,41875.02610148257,82032.65541797652
14512,16.236,725.51218,725.51268,0.6891678310872023,C41H75O8P,CCCCCCCCC=CCC=CCC=CCCCC(=O)OC(COC(=O)CCCCCCCCCCCCCCCCC)COP(=O)(O)O,[M-H]-,PA 18:0_20:3,"PA 18:0_20:3(5,8,11)",0.652000000000001,0.6994033333333505,0.0,0.13514033333333517,All,None,24882.589734988258,0.0,34881.81248694926,56016.61641111182
15027,16.491,744.55535,744.55488,0.6312496399865547,C41H80NO8P,CCCCCCCCC=CCCCCCCCC(=O)OC(COC(=O)CCCCCCCCCCCCCCCCC)COP(=O)(O)OCCN,[M-H]-,PE 18:0_18:1,PE 18:0_18:1(9),0.9570000000000007,0.8934350000000109,0.0,0.18504350000000117,All,None,14030.668127053668,,0.0,0.0
15027,16.491,744.55535,744.55488,0.6312496399865547,C41H80NO8P,CCCCCCCCCCCC=CCCCCC(=O)OC(COC(=O)CCCCCCCCCCCCCCCCC)COP(=O)(O)OCCN,[M-H]-,PE 18:0_18:1,PE 18:0_18:1(6),0.39199999999999946,0.8484599999999318,0.03904803732819503,0.15528442986254917,All,Some,20332.968236582692,,82491.16607773851,0.0
15027,16.491,744.55535,744.55488,0.6312496399865547,C41H80NO8P,CCCCCCC=CCCCCCCCCCC(=O)OC(COC(=O)CCCCCCCCCCCCCCCCC)COP(=O)(O)OCCN,[M-H]-,PE 18:0_18:1,PE 18:0_18:1(11),0.38400000000000034,0.0065600000000358705,0.0,0.03905600000000362,All,None,133636.36363636362,,78508.83392226147,172000.0
15757,16.984,701.513,701.51268,0.4561571146338873,C39H75O8P,CCCCCCC=CCCCCCCCCCC(=O)OC(COC(=O)CCCCCCCCCCCCCCCCC)COP(=O)(O)O,[M-H]-,PA 18:0_18:1,PA 18:0_18:1(11),0.8820000000000014,0.940825000000018,0.0,0.18228250000000196,All,None,0.0,0.0,0.0,0.0
15757,16.984,701.513,701.51268,0.4561571146338873,C39H75O8P,CCCCCCCCC=CCCCCCCCC(=O)OC(COC(=O)CCCCCCCCCCCCCCCCC)COP(=O)(O)O,[M-H]-,PA 18:0_18:1,PA 18:0_18:1(9),0.6199999999999974,0.8809200000000601,0.0,0.15009200000000578,All,None,0.0,0.0,0.0,0.0
15757,16.984,701.513,701.51268,0.4561571146338873,C39H75O8P,CCCCCCCCCCCC=CCCCCC(=O)OC(COC(=O)CCCCCCCCCCCCCCCCC)COP(=O)(O)O,[M-H]-,PA 18:0_18:1,PA 18:0_18:1(6),0.4239999999999995,0.9705099999999902,0.0,0.139450999999999,Some,None,0.0,11100.0,0.0,0.0
15954,17.069,832.58,832.60731,32.80057678083934,C44H86NO8P,CCCCCCCCC=CCCCCCCCC(=O)OC(COC(=O)CCCCCCCCCCCCCCCCC)COP(=O)([O-])OCC[N+](C)(C)C,[M+HCOO]-,PC 18:0_18:1,PC 18:0_18:1(9),0.9510000000000005,0.8709700000000566,0.0,0.18219700000000572,All,None,0.0,0.0,8556.792873051225,0.0
15954,17.069,832.58,832.60731,32.80057678083934,C44H86NO8P,CCCCCCC=CCCCCCCCCCC(=O)OC(COC(=O)CCCCCCCCCCCCCCCCC)COP(=O)([O-])OCC[N+](C)(C)C,[M+HCOO]-,PC 18:0_18:1,PC 18:0_18:1(11),0.9899999999999949,0.8096699999999828,0.0,0.17996699999999777,All,None,0.0,239000.0,0.0,0.0
15954,17.069,832.58,832.60731,32.80057678083934,C44H86NO8P,CCCCCCCCCCCC=CCCCCC(=O)OC(COC(=O)CCCCCCCCCCCCCCCCC)COP(=O)([O-])OCC[N+](C)(C)C,[M+HCOO]-,PC 18:0_18:1,PC 18:0_18:1(6),0.892000000000003,0.8058500000000777,0.0,0.16978500000000807,Some,None,136000.0,0.0,217443.20712694878,181000.0
16076,17.112,701.51264,701.51268,0.05701963934949336,C39H75O8P,CCCCCCC=CCCCCCCCCCC(=O)OC(COC(=O)CCCCCCCCCCCCCCCCC)COP(=O)(O)O,[M-H]-,PA 18:0_18:1,PA 18:0_18:1(11),0.8420000000000023,0.9849849999999947,0.0,0.1826984999999997,All,None,94496.35922330098,19231.43631436314,31646.681922196796,0.0
16076,17.112,701.51264,701.51268,0.05701963934949336,C39H75O8P,CCCCCCCCC=CCCCCCCCC(=O)OC(COC(=O)CCCCCCCCCCCCCCCCC)COP(=O)(O)O,[M-H]-,PA 18:0_18:1,PA 18:0_18:1(9),0.7619999999999969,0.8943700000000376,0.0,0.16563700000000348,All,None,0.0,0.0,15337.299771167049,0.0
16076,17.112,701.51264,701.51268,0.05701963934949336,C39H75O8P,CCCCCCCCCCCC=CCCCCC(=O)OC(COC(=O)CCCCCCCCCCCCCCCCC)COP(=O)(O)O,[M-H]-,PA 18:0_18:1,PA 18:0_18:1(6),0.16800000000000637,0.9701499999999896,0.0,0.1138149999999996,Some,None,84503.64077669903,25968.56368563686,71016.01830663615,178000.0
16186,17.149,832.61201,832.60731,5.644918010713549,C44H86NO8P,CCCCCCCCC=CCCCCCCCC(=O)OC(COC(=O)CCCCCCCCCCCCCCCCC)COP(=O)([O-])OCC[N+](C)(C)C,[M+HCOO]-,PC 18:0_18:1,PC 18:0_18:1(9),0.9669999999999987,0.9027150000000574,0.0,0.18697150000000565,All,None,75600.0,0.0,0.0,0.0
16186,17.149,832.61201,832.60731,5.644918010713549,C44H86NO8P,CCCCCCC=CCCCCCCCCCC(=O)OC(COC(=O)CCCCCCCCCCCCCCCCC)COP(=O)([O-])OCC[N+](C)(C)C,[M+HCOO]-,PC 18:0_18:1,PC 18:0_18:1(11),0.9200000000000017,0.8444250000000011,0.0,0.17644250000000028,All,None,0.0,0.0,0.0,0.0
16186,17.149,832.61201,832.60731,5.644918010713549,C44H86NO8P,CCCCCCCCCCCC=CCCCCC(=O)OC(COC(=O)CCCCCCCCCCCCCCCCC)COP(=O)([O-])OCC[N+](C)(C)C,[M+HCOO]-,PC 18:0_18:1,PC 18:0_18:1(6),0.7319999999999993,0.8378600000000915,0.0,0.1569860000000091,Some,None,0.0,0.0,0.0,107000.0
16855,17.534,832.58144,832.60731,31.07106998609077,C44H86NO8P,CCCCCCC=CCCCCCCCCCC(=O)OC(COC(=O)CCCCCCCCCCCCCCCCC)COP(=O)([O-])OCC[N+](C)(C)C,[M+HCOO]-,PC 18:0_18:1,PC 18:0_18:1(11),0.370000000000001,0.8521299999999883,0.1483731891684841,0.24091155133478623,All,Some,2652.5233987887686,0.0,0.0,0.0
16855,17.534,832.58144,832.60731,31.07106998609077,C44H86NO8P,CCCCCCCCCCCC=CCCCCC(=O)OC(COC(=O)CCCCCCCCCCCCCCCCC)COP(=O)([O-])OCC[N+](C)(C)C,[M+HCOO]-,PC 18:0_18:1,PC 18:0_18:1(6),0.39399999999999835,0.4201500000000351,0.14959468775051307,0.2010907502004138,All,Some,19202.055423013397,0.0,0.0,0.0
16855,17.534,832.58144,832.60731,31.07106998609077,C44H86NO8P,CCCCCCCCC=CCCCCCCCC(=O)OC(COC(=O)CCCCCCCCCCCCCCCCC)COP(=O)([O-])OCC[N+](C)(C)C,[M+HCOO]-,PC 18:0_18:1,PC 18:0_18:1(9),0.46799999999999997,0.8725000000000023,0.0,0.13405000000000022,All,None,1345.4211781978345,0.0,0.0,0.0
17003,17.643,701.51287,701.51268,0.2708432867885488,C39H75O8P,CCCCCCC=CCCCCCCCCCC(=O)OC(COC(=O)CCCCCCCCCCCCCCCCC)COP(=O)(O)O,[M-H]-,PA 18:0_18:1,PA 18:0_18:1(11),0.5259999999999998,0.930014999999969,0.0,0.1456014999999969,All,None,1978.532110091743,0.0,0.0,0.0
17003,17.643,701.51287,701.51268,0.2708432867885488,C39H75O8P,CCCCCCCCC=CCCCCCCCC(=O)OC(COC(=O)CCCCCCCCCCCCCCCCC)COP(=O)(O)O,[M-H]-,PA 18:0_18:1,PA 18:0_18:1(9),0.25099999999999767,0.9528149999999869,0.0,0.12038149999999848,All,None,10321.467889908257,0.0,4370.0,0.0
