name,IN6,IN2,HFOA6,HFOA3,IN5,IN3,HG2,HG1,HG5,HFOA1,IN1,HFOA4,HG6,HFOA2,HFOA5,HG3,IN4,HG4
group,HG_Inhibitor,HG_Inhibitor,HF_OA,HF_OA,HG_Inhibitor,HG_Inhibitor,HG,HG,HG,HF_OA,HG_Inhibitor,HF_OA,HG,HF_OA,HF_OA,HG,HG_Inhibitor,HG
CL(16:0_18:1(11)_16:0_18:1(11)),55160,57390,63800,66353,67689,77670,77920,87536,95670,105400,106500,119100,128400,143800,145451,147200,152000,157830
"CL(18:1(9)_18:2(9,12)_18:2(9,12)_18:2(9,12))",38390,44960,46360,62800,70100,81020,30240,51480,35570,24520,0,14080,6833,15720,37790,13830,0,28160
Cer(d18:0_24:1(15)),0,0,0,0,0,0,0,0,0,0,6215,0,0,0,0,0,0,0
Cer(d18:1(4)_14:0(2OH)),80760,74620,72630,74310,80000,77470,68290,92400,68350,70770,73070,67170,71640,69270,71250,77870,74140,81230
Cer(d18:1(4)_16:0(2OH)),1357400,1304920,827830,858807,1382000,1385260,899530,1302000,882260,889991,1359300,843100,971340,851100,882600,1168060,1375230,1235000
Cer(d18:1(4)_18:0(2OH)),215400,194900,128200,119400,214500,215100,134700,156480,127510,123800,222700,118900,141000,123400,128000,157500,196000,172900
Cer(d18:1(4)_20:0(3OH)),131660,116300,65350,76770,105600,123160,69100,63920,63380,55970,129100,59830,82830,54680,52080,32530,95800,35840
Cer(d18:1(4)_22:0(3OH)),443200,446800,235300,239700,425000,414600,222700,278950,289500,229600,480600,232000,300800,219700,192800,271800,470000,308380
Cer(d18:1(4)_24:0(3OH)),1086000,1034000,490600,492900,1168000,1049000,694100,882330,758900,500100,1057000,469000,749700,494800,500900,834100,1061000,862400
Cer(d18:1(4)_26:0(2OH)),39650,36830,24610,28270,39160,39030,30550,39380,30160,24410,41380,23740,34970,26890,24610,38370,40540,31650
Cer(d18:1_24:1(15)),398400,414300,737200,707900,446810,387800,664100,767400,670600,767673,416800,740386,707786,725800,761684,682600,350932,738890
Cer(d18:1_26:1(17)),14380,13240,35949,36200,12590,12790,36535,34500,27200,29320,12270,30950,28380,36752,36410,40121,18295,32748
"Cer(d18:2(4,8)_20:0(2OH))",40820,45240,21780,21330,39920,46720,29530,31480,28370,22730,43670,21150,27510,22240,21240,32790,44500,33680
DG(16:0_16:1(9)),73000,47620,84530,86767,54980,65200,92670,94746,82730,86240,53830,72560,118800,76440,81490,123716,64120,119974
DG(16:0_18:1(11)),282000,274000,290100,299100,283200,269500,302600,346229,272000,296100,293620,280600,326400,299500,280900,304800,259224,295580
"DG(16:0_18:2(9,12))",0,0,0,11430,7385,0,4350,0,0,6059,11200,7155,0,0,0,0,0,0
DG(16:0_22:1(13)),19040,17420,0,0,12180,17130,0,0,13500,6333,12040,2623,16540,0,6386,0,13710,9897
DG(16:1(9)_18:1(9)),48110,51370,131740,129250,46710,50000,102700,69392,80750,128260,43000,118360,116690,125350,125230,120860,43690,124620
DG(18:0_18:1(9)),100100,102500,51120,48500,111400,104500,65040,27140,67570,33050,102700,47550,85830,55390,56720,75559,107000,70230
DG(18:1(9)_18:1(9)),104700,95443,304590,324740,101730,94455,179971,197550,147200,304400,91765,286400,178600,318960,300847,188835,87290,185960
"DG(18:1(9)_18:2(9,12))",26239,54500,128310,132280,38187,41219,48963,22460,52244,97550,53820,106997,50900,104000,113470,78250,48150,48570
DG(18:1(9)_20:1(11)),11650,9873,35410,38510,14060,9502,27710,19310,23360,33870,9885,33010,26420,35240,36370,0,11990,0
"DG(18:2(9,12)_18:2(9,12))",44902,52977,40682,64890,42990,50260,46378,32010,47961,84680,63270,49700,32400,60873,70570,65910,34920,80100
MGDG(16:0_16:1(9)),19460,0,0,0,0,0,16200,0,14930,0,0,27320,0,21500,0,0,27440,0
MGDG(16:0_18:1(9)),46330,45880,49360,50160,45800,45820,46850,45870,46290,50330,36580,40010,44310,23310,46980,43900,46010,42020
PA(14:0_16:1(9)),23830,27023,22380,26851,20762,24557,17530,21000,14616,16499,20550,26290,18740,24260,0,26980,22692,14643
PA(16:0_16:1(9)),131896,78530,106634,81740,88897,113650,130310,104984,127970,132780,117249,131900,98970,144030,124530,140550,119000,90960
PA(16:0_18:1(11)),207650,199970,216387.3,203431,192113,206247,212980,196734,216360,199479,125289,188152,190030.5,167593,187015,172033,178200,202100
"PA(16:0_18:2(9,12))",4778,0,0,0,2503,0,3583,0,0,0,0,0,0,0,1587,0,0,0
PA(16:1(9)_16:1(9)),3404,27243,35060,24720,29700,24150,0,20769,0,0,26477,26215,20030,30218,9632,31579,33615,7112
PA(18:0_18:1(9)),0,0,0,0,0,0,0,0,0,0,3701,0,0,0,0,0,0,0
PA(18:1(9)_18:1(9)),72790,106400,115800,107800,107600,103700,79120,95900,81160,73100,95480,91260,90980,90800,76760,87090,91300,46860
"PA(18:1(9)_18:2(9,12))",14090,34520,39420,34630,32980,33347,12780,28110,10930,15570,8834,0,0,0,13480,0,16110,16588
PC(14:0_18:1(11)),443200,515700,514200,524500,586800,470300,362300,494400,378800,383300,466500,532900,471700,484300,390600,535500,601800,376200
"PC(14:0_18:2(9,12))",0,0,0,64860,0,0,0,82610,0,0,0,0,72120,0,0,0,55900,0
"PC(14:1(9)_20:2(11,14))",2340,35500,55340,40770,46200,41840,0,39140,0,0,15780,14490,10680,12720,5991,14850,16650,4410
PC(16:0_14:1(9)),245100,110600,156500,147100,104500,143430,298600,110400,317150,235000,116300,127700,223700,205530,260200,235800,236900,258500
"PC(16:0_18:2(9,11))",0,0,0,0,0,0,0,0,0,30580,0,0,0,0,0,0,0,0
PC(16:0_20:1(11)),252800,134400,145000,150100,145000,132300,213300,130260,231980,248700,111100,122890,109230,113960,254900,123500,138330,263800
"PC(16:0_20:2(11,14))",336110,480890,541160,498360,522890,480210,328430,462540,323020,189480,319870,191688,337210,327860,308320,349570,371790,319580
"PC(16:0_20:3(8,11,14))",100420,205120,247710,219270,220220,220410,77370,194120,95040,87240,62600,81270,60510,59410,86140,71870,95290,105930
"PC(16:0_20:5(5,8,11,14,17))",1577000,1473000,621700,581700,1542000,1488000,835000,1163000,861600,585500,1511000,575900,973700,566500,567100,1048000,1427000,1167000
"PC(16:0_22:5(7,10,13,16,19))",0,20300,25960,15810,18950,19200,0,17130,0,0,0,7616,0,0,0,7989,0,0
"PC(16:0_22:6(4,7,10,13,16,19))",2949000,2877000,2310000,2206000,2797000,3047000,1947000,2837000,1904000,2199000,2786000,2198000,2242000,2235000,2163000,2611000,2971000,2652000
PC(16:1(2)_18:1(9)),150820,370100,280100,278600,268334,263433,105110,253446,127480,90760,221550,244160,218680,221360,107090,283320,259180,93690
PC(16:1(9)_16:1(9)),0,10960,0,0,0,11170,0,0,0,0,0,0,0,0,0,0,0,0
"PC(16:2(2,4)_16:2(2,4))",9187,23700,32020,23830,25700,15870,0,24040,0,28650,33380,16710,0,28120,24690,17270,22880,16300
PC(18:0_14:1(9)),263900,0,0,0,0,42660,0,0,260300,265600,0,0,0,0,0,0,0,294100
PC(18:0_16:1(9)),946290,970300,1101661,1044483,1062000,1037000,961280,1028000,925330,925550,757113,827500,826954,750100,882230,861648,877199,940090
PC(18:0_18:1(11)),0,0,0,0,0,0,4839,0,0,0,0,0,0,0,0,0,0,0
"PC(18:0_18:2(9,12))",0,0,0,0,0,0,0,0,0,0,0,5614,0,0,0,0,0,9915
"PC(18:0_18:4(6,9,12,15))",44070,21270,27970,28280,26160,22350,37370,20340,36310,39830,11880,14520,14430,14280,37330,9864,16040,34110
"PC(18:0_20:5(9,11,13,15,17))",597100,590300,224400,215600,626600,621000,229600,376000,247000,228900,628200,215000,275200,215900,211800,345000,613200,313900
PC(18:1(13)_18:1(13)),57670,73690,38910,29600,70110,62240,53040,0,61150,33900,62180,38400,49410,60230,33660,36360,50440,46950
"PC(18:1(9)_18:2(9,12))",11260,4613,7846,0,0,2051,9239,0,10770,0,0,0,0,0,0,0,0,0
PC(18:1(9)_20:1(11)),28820,0,0,0,0,0,26800,0,29889,18350,0,0,0,0,31170,0,25620,28450
"PC(18:1(9)_20:4(8,11,14,17))",1535000,1517000,2874000,2787000,1646000,1592000,1687000,2587000,1593000,2737000,1609000,2815000,1812000,2733000,2793000,2339000,1542000,2503000
"PC(18:1(9)_22:6(4,7,10,13,16,19))",674400,642000,2332000,2177000,640700,693400,1035000,1402000,980600,2314000,636900,2316000,1175000,2324000,2162000,1468000,605300,1432000
"PC(18:2(6,9)_18:2(6,9))",5021400,4691100,3777500,3740100,4990300,4820700,3295800,4582600,3145400,3723700,4882600,3707700,3660200,3644000,3678100,4228800,4795400,4408700
"PC(18:3(9,12,15)_18:3(6,9,12))",139190,124090,159590,178860,141180,130430,134410,190330,129140,164890,123730,167480,165252,169180,168230,158780,119430,177480
"PC(20:2(11,14)_20:2(11,14))",87670,82300,220503,222322,84710,139620,179650,82536,131681,204958,88370,213637,188505,222353,213862,62639,77680,73070
"PC(20:3(8,11,14)_20:3(8,11,14))",1294073,1232660,1358930,1286440,1291480,1252962,619980,1307790,848680,1081100,1234160,1293680,972670,1308570,1194300,1208100,1251400,1240170
"PC(20:4(5,8,11,14)_20:4(5,8,11,14))",0,0,59750,0,0,11170,0,0,14880,55170,0,58040,27320,60360,0,0,0,32450
PC(22:1(13)_22:1(13)),31740,30165,36140,39970,32050,33540,40870,35080,37060,35990,30640,33970,31280,42470,37110,44640,31970,25160
PC(O-18:1(9)),84780,76700,73860,84090,82430,71460,78400,118600,79460,78110,73410,69680,91930,73420,82860,103500,77600,114600
PE(12:0_18:1(9)),25050,19430,25500,21860,23610,21020,23960,21970,27720,23060,34490,31860,32420,38590,25070,37580,37060,24730
PE(14:0_16:1(9)),52230,47280,50950,44550,53590,53710,76170,89330,72430,54470,54450,44660,81420,52400,46340,68370,50140,82710
PE(14:0_18:1(9)),268000,197100,230200,249200,207800,230800,262900,239600,269500,275600,384000,422100,395500,381200,288300,382200,414500,284800
"PE(14:0_20:4(5,8,11,14))",0,0,0,0,0,0,0,0,0,0,0,0,0,0,0,1666,0,0
"PE(14:0_20:5(5,8,11,14,17))",15930,14300,3513,4250,14870,14580,9023,12600,9102,0,14620,3692,11990,0,6016,10500,14570,11070
"PE(14:0_22:6(4,7,10,13,16,19))",35850,49210,50950,51470,47590,46630,74890,102400,77110,37900,36180,35686,85490,39840,35740,81760,38660,94440
PE(16:0_16:1(9)),0,0,0,0,0,0,0,0,0,0,0,0,0,6034,3584,0,0,6847
PE(16:0_18:1(9)),2743000,2685000,3207000,3056000,2806000,2828000,3531000,3768400,1474000,3029000,2824000,2996000,3578000,3180000,3151000,3708000,2661000,3496000
"PE(16:0_20:3(8,11,14))",386600,391500,276300,261000,385000,373900,376800,438300,226000,265700,399100,273100,371700,288700,274600,419900,381400,434200
"PE(16:0_20:4(5,8,11,14))",2027000,2024000,1328890,1304000,2032009,1970000,1641907,2053000,1663000,1286000,1972000,1305000,1733000,1301000,1291000,1938746,1907000,1920000
"PE(16:0_20:5(5,8,11,14,17))",526100,530300,219900,227600,544300,553300,385700,552000,417800,226200,545700,228900,425100,234100,214900,496000,500400,490500
PE(16:1(11)_16:1(11)),82440,79230,121000,139000,82110,79680,328700,422300,332700,131600,75710,118000,357100,125400,125000,365500,74360,368900
PE(16:1(9)_18:1(9)),1771400,1712900,3220000,3112000,1800100,1810800,3011000,4490700,3760200,3169000,1826800,3177000,3925000,3188700,3021100,4173400,1698700,3314000
"PE(16:1(9)_18:2(9,12))",59760,58670,219300,203500,62960,59350,167700,213000,162200,211900,60630,213900,179300,214300,210700,180300,59380,188600
"PE(16:1(9)_20:4(5,8,11,14))",133500,123700,240500,236900,132400,125300,315700,419700,320900,236800,129800,222600,366900,236900,225600,364100,122000,386600
"PE(16:1(9)_20:5(5,8,11,14,17))",72970,71260,106500,105800,76290,72970,84460,122600,90450,102900,68650,103700,104200,102700,100700,101400,70810,114200
"PE(16:1(9)_22:6(4,7,10,13,16,19))",82760,130100,274900,283300,134100,132000,291400,408100,291900,263400,153100,281400,347900,272600,278600,343100,150300,372800
PE(18:0_16:1(9)),0,0,0,0,0,0,0,0,0,0,0,0,0,0,0,0,0,167180
PE(18:0_18:1(9)),2559000,2480000,1697000,1674000,2590000,2588000,1865000,1563000,1755000,1598000,2596000,1670000,1824000,1694000,1701000,1681300,2387000,1683640
"PE(18:0_18:2(9,12))",0,0,0,0,0,0,0,158860,157800,0,0,0,0,0,0,0,0,0
"PE(18:0_18:3(9,12,15))",127600,91660,92850,88760,87860,88430,122700,85710,126400,98110,121100,117800,113300,121200,128000,110200,113200,127800
PE(18:0_20:1(11)),26940,19880,38460,0,0,0,31740,0,30840,56030,25870,27260,42310,44060,60180,0,29730,67000
"PE(18:0_20:2(11,14))",47310,47100,49290,31220,42940,44360,51880,32480,58520,83290,35120,45610,46620,46150,52460,38830,44630,82630
"PE(18:0_20:3(8,11,14))",1265000,1247100,1027100,980500,1282600,1322700,1180400,832040,1169600,1004800,1317300,1031200,1170200,1059700,1019000,1013100,1196100,1257600
"PE(18:0_20:4(5,8,11,14))",1553000,1039000,1133000,1097000,1088000,1079000,1521000,1072000,1559000,1607978,1139000,1175000,1141000,1130000,1638000,1201000,1142000,1601000
"PE(18:0_20:5(5,8,11,14,17))",839000,806300,330200,308900,854700,858800,472500,662600,512500,317400,812100,327400,522800,323900,309400,590900,803700,644100
"PE(18:0_22:2(13,16))",0,0,2897,0,0,0,0,0,0,0,0,0,0,0,0,0,0,0
"PE(18:0_22:4(7,10,13,16))",21170,24100,38070,31290,31110,29550,23740,30230,25100,23070,25280,26100,26830,30690,24610,27680,31490,19590
"PE(18:0_22:6(4,7,10,12,16,19)(14OH))",552500,334200,346200,355500,355000,335200,516500,333000,568100,546000,373600,376800,380800,388900,571200,388500,407100,549800
PE(18:1(9)_18:1(9)),3620600,3574200,8610000,7981000,3674600,3722300,6233600,6147300,5555300,8257000,3692800,8336000,6324900,8367000,8180000,6560800,3441000,6235500
"PE(18:1(9)_18:2(9,12))",1081000,1034600,3504000,3458000,1077700,1135600,1355000,1810000,1891600,4147000,1186300,4110700,1575000,4027800,3241000,1733000,1031300,1716000
"PE(18:1(9)_18:3(9,12,15))",28770,48780,57360,57320,55130,45160,30570,50050,33090,29160,51590,55734,48290,52600,32750,50360,60340,31230
PE(18:1(9)_20:1(11)),223500,216100,636400,598900,228200,234700,496500,477050,443200,601800,240600,608800,500000,629000,603400,402100,218300,457300
"PE(18:1(9)_20:3(8,11,14))",311400,302100,778000,752200,305400,265700,510000,604800,473700,791200,301300,776700,567500,775100,743600,645900,263400,657700
"PE(18:1(9)_20:4(5,8,11,14))",2510000,2380000,4522000,4509000,2387000,2549000,3630000,4983000,3896000,4634000,2463000,4464000,4091000,4640000,4202000,4648000,2342000,4802000
"PE(18:1(9)_20:5(5,8,11,14,17))",492600,495200,709800,685800,482300,478000,782200,1036000,792100,689500,472300,668900,823600,675800,668500,958900,464700,984500
"PE(18:1(9)_22:6(4,7,10,13,16,19))",272500,789900,866700,816000,826300,807800,270600,762900,270300,273300,557300,591500,559800,553300,277900,586200,614000,275800
"PE(18:2(9,12)_18:2(9,12))",130700,0,229000,123500,111100,120200,182900,243100,173300,114500,118300,122200,251200,207800,118700,232590,120200,216300
"PE(18:2(9,12)_22:6(4,7,10,13,16,19))",0,14080,18390,17760,0,0,0,15110,0,0,8858,0,2486,9989,0,0,0,0
PE(20:0_18:1(13)),0,0,0,0,0,0,0,0,0,0,0,4901,0,0,0,0,7092,0
"PE(20:0_20:4(5,8,11,14))",31060,14890,18030,15620,15930,15170,33230,15480,31490,28980,17270,18100,19220,17570,32350,18720,19010,34310
"PE(20:0_22:6(4,7,10,13,16,19))",9504,0,0,0,4550,0,9730,0,10080,8334,6124,6321,6477,0,9153,6620,0,9261
"PE(20:1(11)_20:4(5,8,11,14))",0,0,0,0,0,0,0,0,0,0,0,0,0,0,0,0,0,305000
"PE(20:1(11)_22:6(4,7,10,13,16,19))",12480,40360,45480,45370,46580,45160,13520,43900,12130,12090,32030,31180,31120,33780,10070,29280,35030,13460
"PE(20:3(8,11,14)_20:3(8,11,14))",135660,130450,28410,20070,148090,24580,20390,0,147010,17080,21490,26030,25250,23820,30700,21700,132950,236010
"PE(20:4(5,8,11,14)_20:4(5,8,11,14))",0,0,0,0,15330,0,0,0,0,0,0,0,0,0,0,0,0,0
"PE(22:0_20:4(5,8,11,14))",12830,0,0,0,5920,0,12910,6520,9567,12110,10150,9863,8022,0,12120,7740,8361,13770
"PE(22:1(11)_20:4(5,8,11,14))",0,0,0,0,0,1466,1456,0,0,0,0,0,0,0,0,0,0,2591
"PE(22:2(13,16)_22:2(13,16))",17050,16620,0,0,17480,17410,16170,17660,12030,8653,18250,8238,14630,0,9042,15460,15850,13760
PE(24:0_18:1(9)),11190,11480,13940,13600,13160,12390,8462,13300,9608,9995,10510,12230,11250,9839,9139,12110,11230,9167
PG(14:0_18:1(9)),41858,57690,62270,61544,61340,59910,67415,57460,84773,58720,78010,72390,75567,76285,81248,70920,75640,73221
PG(16:0_16:1(9)),90983,23130,23030,25240,25320,23980,97000,24950,83320,98200,61490,55480,56130,61133.6,94366,58880,57610,86330
PG(16:0_18:1(11)),760400,292560,297500,298700,294600,302300,786500,299610,774400,781100,519200,503100,479700,511800,829800,505800,494000,803800
"PG(16:0_18:2(9,12))",25300,0,0,0,0,0,22856,0,27400,27160,7543,8951,7966,4556,26070,5967,6523,29420
"PG(16:0_22:6(4,7,10,13,16,19))",129300,0,0,0,0,0,123500,0,124970,130365,0,0,0,29170,137200,0,31730,132700
PG(16:1(9)_16:1(9)),0,0,0,0,0,961.9,0,0,0,0,972.1,0,0,0,0,0,0,0
PG(16:1(9)_18:1(9)),122480,189650,186160,196990,223919,205168,121304,222236,113166,119824,285275,281887,284099,290437,123715,295580,288780,135565
"PG(16:1(9)_22:6(4,7,10,13,16,19))",8984,14860,11940,15870,12850,14060,10750,11910,12740,11910,22170,22310,22670,21190,12060,20740,24760,11890
PG(18:0_18:1(9)),246000,61169,63745,55433,54150,52760,240400,61805,240600,243900,118790,116530,118180,124770,246200,116650,112230,242610
"PG(18:0_22:6(4,7,10,13,16,19))",48070,0,0,0,0,0,45810,0,44270,45940,9128,10120,6741,5747,49090,0,0,49770
PG(18:1(9)_18:1(9)),481700,727000,752500,761600,759600,746400,494200,713700,461700,465100,716300,696500,691400,720600,517800,711900,696800,522700
"PG(18:1(9)_18:2(9,12))",77826,108300,155040,162430,113300,115700,78100,107200,75653,77450,112122,101818,101350,106550,83344,109200,107663,81830
"PG(18:1(9)_20:2(11,14))",25600,37470,46240,41650,45220,42620,27770,40560,27420,26780,37200,36490,33750,37780,30520,36150,38010,30150
"PG(18:1(9)_20:3(8,11,14))",30326,47490,48373,46080,37490,50750,14198,49317,25905,16220,35119,31466,29632,16592,25134,27130,39710,24420
"PG(18:1(9)_22:6(4,7,10,13,16,19))",263000,248500,254900,256600,245700,255476,254907,252100,262168,259635,232600,226400,229900,224400,266416,226900,225400,271100
PS(16:0_16:1(9)),248300,350300,441420,395590,297300,390300,273900,298300,260600,265900,646560,507130,554000,595900,246178,611100,467800,288380
PS(16:0_18:1(9)),358700,596660,517500,665200,478200,489400,343000,524500,535680,354000,557100,490080,642200,357230,340180,551440,523300,321100
"PS(16:0_22:6(4,7,10,13,16,19))",80160,113200,110500,147100,119400,122800,69160,122800,91210,83090,145700,114300,90370,189300,62210,105800,119700,89120
PS(16:1(9)_18:1(9)),128600,353700,530470,396900,424000,387900,173160,357000,168030,156100,316500,308200,367600,411200,180270,341300,389100,111400
PS(18:0_18:1(9)),582500,339400,724800,363800,400800,348700,575000,363700,314700,331800,321000,0,282900,311800,307200,304400,301600,234600
"PS(18:0_18:2(9,12))",0,0,0,0,0,0,0,0,0,0,0,0,0,0,0,0,0,219700
"PS(18:0_20:3(8,11,14))",221500,135700,237900,144500,0,242000,307700,218000,301700,206800,15360,195500,238200,276300,212100,255700,282700,311700
"PS(18:0_22:6(4,7,10,13,16,19))",514400,230100,291200,302630,295300,283900,450600,237900,447400,455500,369400,344700,358300,370200,456900,366200,360300,455200
PS(18:1(9)_18:1(9)),220900,207800,347400,221000,407500,331100,261780,323500,179700,250190,300300,154650,363400,344250,208750,370000,299800,0
"PS(18:1(9)_18:2(9,12))",22660,235700,280900,274000,242800,273800,69434,217000,83440,73720,143400,132800,133200,156300,81410,147200,122700,65366
"PS(18:1(9)_20:3(8,11,14))",62520,92650,94820,97560,89820,84780,57150,82320,61910,55740,55040,52130,57270,56180,61550,58370,68880,55760
"PS(18:1(9)_20:4(5,8,11,14))",72860,317900,301000,291900,291800,320100,56230,291100,61160,0,187500,152300,146600,187500,0,154500,147500,70590
"PS(18:1(9)_22:6(4,7,10,13,16,19))",0,261300,262100,285000,400900,324700,0,366500,0,0,284100,263600,246800,279200,0,272800,275200,0
"PS(20:3(8,11,14)_20:3(8,11,14))",0,0,0,0,0,0,0,0,0,0,0,0,0,0,0,29390,0,0
SM(d18:1_24:1(15)),1795000,1724000,3552000,3830000,1743000,1825000,2913000,2859420,2677300,3676000,1838000,3785000,2779000,3739000,3769000,1246000,1646000,2694030
TG(12:0_14:0_16:1(9)),27732,41160,0,5244,0,0,0,0,0,8090,5401,0,0,5787,0,6457,0,0
TG(12:0_14:0_18:1(9)),239100,224600,459900,482200,251800,262000,345700,297700,399200,434400,263000,423900,390300,480300,454400,513300,233300,130500
TG(12:0_16:0_16:1(9)),0,0,0,0,0,0,0,189630,0,0,18280,0,0,0,0,0,0,260830
TG(12:0_16:1(9)_16:1(9)),53287,50700,49240,123700,46830,47120,70560,66880,75880,126400,42270,124400,86070,129900,124600,45700,45800,86864
TG(14:0_14:0_14:1(9)),15480,3237,76680,70500,47883,42460,51680,71828,51450,78860,39580,80700,65833,57020,67700,75980,43160,47548
TG(14:0_14:0_16:1(9)),10490,6531,4575,0,4916,5323,11200,60538,2050,5415,2791,5454,0,0,15452,13510,21661,28981
TG(14:0_14:0_18:1(9)),0,0,0,0,0,0,0,136600,0,0,0,0,0,0,0,0,0,52130
"TG(14:0_14:0_18:2(9,12))",0,0,0,0,0,0,0,0,0,0,0,0,0,0,0,0,0,55110
TG(14:0_14:1(9)_16:0),7841,0,0,0,7831,0,0,0,0,0,0,0,0,0,0,0,0,12210
TG(14:0_14:1(9)_16:1(9)),0,0,0,0,0,0,0,35360,0,0,0,0,0,0,0,0,0,0
TG(14:0_16:0_16:1(9)),0,0,0,0,0,0,13570,0,0,0,19230,16220,0,0,0,0,8358,0
TG(14:0_16:0_18:1(9)),208300,189500,105300,115800,185600,196400,213000,264300,214800,104700,188200,113200,214300,107500,110800,290100,198100,271300
TG(14:0_16:1(9)_16:1(9)),235600,229600,784600,532700,240600,250000,355000,678000,469800,473500,252500,732100,496400,539200,524043,656600,225200,514032
TG(14:0_16:1(9)_18:1(9)),41460,26830,185300,174600,21200,25070,128300,132200,132600,177300,23470,179700,128600,182100,151700,140100,35830,164000
"TG(14:0_16:1(9)_18:3(9,12,15))",0,0,48694,50266,0,0,8300,7960,0,58950,0,41870,7150,41860,52790,29360,2352,0
TG(14:0_18:1(9)_18:1(9)),1886000,1793000,10530000,10150000,1803000,3028000,7843840,11120000,7996000,10777610,2929000,10580000,8516870,11150000,10100000,11400000,2840000,11248400
"TG(14:0_18:1(9)_18:3(6,9,12))",47640,41770,358900,327100,66050,40550,127100,112200,96410,348100,49360,259000,83350,0,0,135500,33110,121450
"TG(14:0_18:1(9)_20:5(5,8,11,14,17))",22060,22120,20230,22540,22320,28230,18190,38070,18840,20340,24200,20690,21860,22000,18640,29780,23220,32480
"TG(14:0_18:2(9,12)_18:2(9,12))",0,0,0,0,0,0,0,49800,0,0,0,0,0,347900,310500,0,0,46460
TG(14:0_22:1(11)_22:1(11)),524900,536300,1285000,1253000,541857,534200,1032149,1311000,1029310,1242890,575550,1257000,1041340,1204000,1231000,1318000,518200,1374000
TG(14:1(9)_14:1(9)_18:1(9)),23970,0,106800,102500,0,0,0,9247,0,102900,3178,69580,44720,105400,95760,0,17880,24600
TG(14:1(9)_16:0_16:0),0,0,0,0,0,0,0,20970,0,0,0,0,0,0,0,0,0,40250
TG(14:1(9)_16:1(9)_16:1(9)),0,30597,0,0,28030,14620,47558,66714,39770,0,22310,0,10088,0,0,63280,0,38136
TG(14:1(9)_16:1(9)_18:1(9)),123600,94350,608500,574500,133300,96670,314300,464100,202700,592800,107000,598700,189300,638300,563600,191000,106500,296330
TG(16:0_16:0_16:1(9)),4259000,4073080,4294000,4137000,4119000,4352020,5851000,8297000,6061000,4251000,4285370,4230000,6357000,4511000,4166000,8578000,4096000,8286000
TG(16:0_16:0_18:1(9)),10322638,9774000,6620600,6816810,10080000,10055420,12327070,15910000,12220000,6735990,10081050,6856770,11770000,7096000,7086211,15580000,10057507,16110000
"TG(16:0_16:0_18:3(6,9,12))",0,0,0,0,3092,0,0,152100,0,0,0,0,0,0,0,0,0,179700
TG(16:0_16:0_20:1(11)),0,0,0,0,0,0,0,0,86580,0,0,0,0,0,0,0,0,0
"TG(16:0_16:0_20:3(8,11,14))",0,0,39570,62030,0,0,29910,53120,0,27590,26970,50060,38740,21210,0,48210,23250,0
"TG(16:0_16:0_20:4(5,8,11,14))",0,0,20810,0,0,0,0,0,19390,0,0,0,0,0,0,0,0,0
"TG(16:0_16:0_20:5(5,8,11,14,17))",35948,38230,22500,27410,32140,33280,29810,39282,28480,0,35300,21218,27940,31921,15220,0,38340,38860
"TG(16:0_16:0_22:3(10,13,16))",0,18020,0,0,21700,0,12150,0,14320,0,0,0,0,0,0,0,0,29940
TG(16:0_16:1(9)_16:1(9)),0,0,0,0,0,0,0,951840,0,0,0,0,0,0,0,24620,0,120342
TG(16:0_16:1(9)_18:1(9)),91310,77120,339300,333300,132300,146000,304800,392400,294300,304500,86910,353500,325800,351000,327600,343400,83080,373200
TG(16:0_18:0_18:1(9)),8624000,7952820,4059000,4384000,8497000,8624000,6960000,9988000,7471000,3920000,8834000,4170460,7330000,4200000,4093000,9017000,8332000,10230000
"TG(16:0_18:0_20:3(8,11,14))",26090,28600,28780,0,23010,0,0,48360,14910,10930,0,0,0,0,0,0,19180,24260
"TG(16:0_18:0_22:4(7,10,13,16))",10700,0,0,0,12330,0,0,0,0,0,9684,0,0,0,0,0,9494,0
"TG(16:0_18:0_22:6(4,7,10,13,16,19))",81770,79320,22490,19090,83140,85050,30490,54130,35710,21330,82070,0,36360,24020,18230,51150,77150,56840
TG(16:0_18:1(9)_18:1(9)),6318850,6045000,21300000,21300000,6195000,6303930,14539620,18732490,14588350,22560000,6296770,22020000,14600330,23370000,22040000,19050100,6069460,19740000
"TG(16:0_18:1(9)_18:2(9,12))",2371000,2295000,425581,207800,2269000,2410870,120800,202218,136100,304900,2316000,252700,120200,279400,234948,175300,2296000,173400
TG(16:0_18:1(9)_20:1(11)),103600,87420,222100,240800,103600,93990,157500,208900,172900,206200,92980,225600,167700,226000,209500,202200,96530,215800
"TG(16:0_18:1(9)_20:4(5,8,11,14))",100500,0,47260,0,0,0,57980,0,0,46660,0,111900,0,0,60360,0,0,0
"TG(16:0_18:1(9)_22:5(7,10,13,16,19))",86940,72930,39860,0,71790,86550,52570,85800,0,45850,0,59100,56540,49510,48160,96070,69300,92040
"TG(16:0_18:2(9,12)_18:2(9,12))",1679330,1632686,3149000,3099000,1527000,1560000,1875000,2764630,1940000,3286210,1674890,3211570,2077820,3352000,2993000,2570000,1520880,2609960
"TG(16:0_18:2(9,12)_18:3(9,12,15))",334900,289800,547400,532300,342700,347000,329200,540460,351300,539430,354500,542000,368800,577100,534500,519600,332600,325100
"TG(16:0_18:3(9,12,15)_18:3(9,12,15))",13990,17702,63650,32510,11420,20430,18400,50850,29850,27430,18060,66470,30797,68710,58450,54690,0,37470
TG(16:0_20:1(11)_20:1(11)),0,0,0,0,14150,22270,0,0,0,0,0,0,0,0,0,0,0,0
TG(16:1(9)_16:1(9)_18:1(9)),443700,449656,2885000,2889000,313100,284900,1622000,2210100,1661000,3055000,369200,2912000,1648000,3100000,2817000,1900000,285000,1914000
"TG(16:1(9)_16:1(9)_18:2(9,12))",27290,11200,3571,0,14240,0,15840,18370,0,4102,15250,0,0,4117,0,0,14020,0
TG(16:1(9)_18:1(9)_18:1(9)),0,0,11800000,10980000,0,0,3286000,5329800,5782000,11910000,0,7358000,3637000,8181000,6376000,4608000,0,4890000
"TG(16:1(9)_18:1(9)_18:2(9,12))",87300,96480,162600,161100,84990,77610,109700,90520,101800,144600,94280,166200,113900,173200,162800,141400,83440,100200
"TG(16:1(9)_18:1(9)_22:5(7,10,13,16,19))",29890,33170,285100,268300,27990,30270,71210,97070,100500,293700,31750,271100,106800,294300,264800,96430,31620,160300
"TG(16:1(9)_18:1(9)_22:6(4,7,10,13,16,19))",0,0,132600,129500,0,6108,33360,72391,29370,130360,0,124850,33450,138362,97970,67690,0,58653
"TG(16:1(9)_20:2(11,14)_22:5(7,10,13,16,19))",24340,21150,323600,330300,25750,21310,73100,119300,69800,325600,26870,359100,79180,385300,311900,114200,22420,60180
"TG(16:1(9)_22:1(11)_22:2(13,16))",0,0,0,0,0,5123,0,0,0,0,0,0,0,0,16680,15080,0,0
TG(18:0_18:0_18:1(9)),2547160,2440000,0,0,2452000,2401000,1744000,2551110,1910000,0,2520000,991900,1828830,944400,1018000,2284000,2456000,2515050
"TG(18:0_18:0_18:2(9,12))",0,0,5128,0,0,0,0,0,0,0,0,16360,0,0,0,0,0,0
"TG(18:0_18:0_22:6(4,7,10,13,16,19))",14550,14660,0,0,14840,15250,0,0,0,0,14940,1341,0,0,0,8409,15300,0
TG(18:0_18:1(9)_18:1(9)),2696000,2588000,6174000,6390460,2741000,2847000,4580000,6621000,4937000,6047000,2958000,6179000,4934000,6443000,5960000,6040000,2729000,6617000
"TG(18:0_18:1(9)_18:2(9,12))",0,11830,0,0,0,0,0,0,0,0,12560,0,17600,0,0,0,10870,0
"TG(18:0_18:2(9,12)_18:2(9,12))",11850,133920,84380,69880,179030,25970,80480,111100,79310,115250,68410,13000,80760,47300,92710,79000,0,0
TG(18:1(6)_18:1(9)_18:1(6)),1803000,1808000,19050000,18700000,1771000,1783000,6894000,8824000,6755000,20180000,1825000,19410000,7041000,20540000,18990000,9341000,1730000,9431000
"TG(18:1(9)_18:1(9)_18:2(9,12))",1045000,1118000,6074000,5727000,1050000,1113000,1402000,3381500,1333000,4551000,1105000,6249000,1538000,6373000,5757000,1943000,1155000,1866000
"TG(18:1(9)_18:1(9)_18:3(9,12,15))",0,0,0,0,0,0,0,0,0,23330,0,0,0,0,0,0,0,253300
TG(18:1(9)_18:1(9)_20:0),715000,723600,1530000,1502000,741500,720300,1178000,1745000,1243000,1478000,754100,1575000,1267000,1526000,1568000,1581000,729200,1735000
TG(18:1(9)_18:1(9)_20:1(11)),421660,421200,4044000,4086562,397830,446770,1594000,2339000,1696000,4000000,555220,3991000,1735000,4237480,3901000,2261760,412067,2400080
"TG(18:1(9)_18:1(9)_20:2(11,14))",236700,262600,1499000,1510000,254000,280600,553200,446900,529100,1529000,272000,1532000,375200,1626000,1547000,829000,266300,734000
"TG(18:1(9)_18:1(9)_20:3(8,11,14))",311400,306100,1065000,595600,299410,308000,370500,577600,395600,1065000,253200,678700,405500,1135000,473700,561400,249200,583600
"TG(18:1(9)_18:1(9)_20:4(5,8,11,14))",0,0,0,0,0,0,0,0,0,0,0,0,0,0,0,0,0,168000
"TG(18:1(9)_18:1(9)_20:5(5,8,11,14,17))",87360,81510,275800,293300,87000,86870,177640,254010,142400,295200,86690,298300,161300,327600,286400,225100,85960,217040
TG(18:1(9)_18:1(9)_22:1(13)),147100,141500,1267000,1227000,148300,152600,569900,874200,597200,1252000,162500,1276000,612000,1212000,1268000,778300,127300,891700
"TG(18:1(9)_18:1(9)_22:2(13,16))",0,0,531500,533800,0,0,184400,295300,144400,468300,0,533400,181000,545200,510300,210600,0,283000
"TG(18:1(9)_18:1(9)_22:3(10,13,16))",0,0,400700,405700,0,0,78700,100800,0,413200,0,362000,87020,381600,365000,0,0,0
"TG(18:1(9)_18:1(9)_22:4(7,10,13,16))",121900,169600,662400,648700,177100,142900,292200,456000,289400,660800,197900,662600,296000,685400,659600,452100,172100,470700
"TG(18:1(9)_18:1(9)_22:5(7,10,13,16,19))",117680,122950,805250,751080,122270,135500,272360,450330,277080,812440,125090,816350,290290,852830,746350,461680,126060,446640
"TG(18:1(9)_18:1(9)_22:6(4,7,10,13,16,19))",0,0,0,0,0,0,0,0,0,0,0,0,0,0,0,0,0,50330
"TG(18:1(9)_18:2(9,12)_18:2(9,12))",1701000,1741000,2177330,2566000,1677000,1664000,1725000,2972100,1642000,2937000,1957000,2551000,1745000,2677000,2484000,2706000,1650000,2417500
"TG(18:1(9)_18:2(9,12)_22:6(4,7,10,13,16,19))",0,0,41680,40420,0,0,0,0,0,35930,0,44590,0,43900,38600,0,0,0
"TG(18:2(9,12)_18:2(9,12)_18:2(9,12))",2055700,1959600,1814000,1955500,2089000,2055500,1661800,3086990,1743500,2383000,2071200,1925000,2005800,2298700,1852600,2794800,1949800,2340900
"TG(18:2(9,12)_18:2(9,12)_18:3(9,12,15))",592140,543680,643300,697100,564904,580220,558220,850350,578430,614300,600364,673800,562760,678900,632200,887800,542214,707508
"TG(18:2(9,12)_18:2(9,12)_22:0)",0,0,0,0,54450,0,0,0,0,0,0,0,0,0,0,0,0,0
"TG(18:2(9,12)_18:3(9,12,15)_18:3(9,12,15))",51800,58340,55880,58580,49300,56300,49390,74087,48040,56660,51480,51190,55110,60542,42570,73200,59010,68660
